link	count
https://resources.geodata.se/codelist/metadata/atkomstrestriktioner.xml#InnehallerUppgifterSomInteFarSpridas	1
https://gde.metagis.se/metadata-codelist/useConstraints.xml#AnnanBegransning	1
http://gde.metagis.se/metadata-codelist/accessConstraints.xml#Personuppgifter	1
https://resources.geodata.se/codelist/metadata/atkomstrestriktioner.xml#SekretessProvas	1
https://ext-geodatakatalog-forv.lansstyrelsen.se/GeodataKatalogen/codelist/metadata/anvandningsrestriktioner.xml#IngaBegransningar	1
https://ext-geodatakatalog-forv.lansstyrelsen.se/GeodataKatalogen/codelist/metadata/atkomstrestriktioner.xml#AnnanBegransning	1
https://gde.metagis.se/metadata-codelist/accessConstraints.xml#Personuppgifter	1
https://resources.geodata.se/codelist/metadata/atkomstrestriktioner.xml#ingaTillampligaVillkor	1
https://ext-geodatakatalog-forv.lansstyrelsen.se/GeodataKatalogen/codelist/metadata/atkomstrestriktioner.xml#OkandaBegransningar	1
https://overheid.vlaanderen.be/sites/default/files/documenten/ict-egov/licenties/hergebruik/modellicentie_gratis_hergebruik_v1_0.html	1
https://www.dov.vlaanderen.be/page/disclaimer	1
https://codex.vlaanderen.be/PrintDocument.ashx?id=1019561	1
https://codex.vlaanderen.be/PrintDocument.ashx?id=1020931	1
http://adelie.application.developpement-durable.gouv.fr/condition.do?convention=diffusion_Etat	1
https://creativecommons.org/licenses/by/4.0/legalcode	1
https://cds.climate.copernicus.eu/api/v2/terms/static/licence-to-use-copernicus-products.pdf	1
https://eidc.ceh.ac.uk/licences/SPEI-for-IHU-Groups-1961-2012/plain	1
https://eidc.ceh.ac.uk/licences/lcm-raster/plain 	1
https://eidc.ceh.ac.uk/licences/OGL/plain 	1
https://eidc.ceh.ac.uk/licences/cc-by/plain	1
https://www.liverpool.ac.uk/	1
https://eidc.ceh.ac.uk/licences/historic-PET/plain	1
https://eidc.ceh.ac.uk/licences/thecut/plain	1
https://eidc.ceh.ac.uk/licences/river-frome-click-through/plain	1
http://creativecommons.org/licenses/by-nd/4.0	1
https://eidc.ceh.ac.uk/licences/gear/plain	1
https://eidc.ceh.ac.uk/licences/CEH-GEAR-1890-2015/plain	1
https://eidc.ceh.ac.uk/licences/21rivers/plain	1
https://EIDC.ceh.ac.uk/licences/OGL/plain	1
https://eidc.ceh.ac.uk/licences/frome/plain	1
https://eidc.ceh.ac.uk/licences/IHU1961/plain	1
https://eidc.ceh.ac.uk/licences/gnu/plain	1
https://eidc.ceh.ac.uk/licences/ukwir/plain	1
http://creativecommons.org/licenses/by-nd/4.0/	1
https://eidc.ceh.ac.uk/licences/griddedspi1961-2010/plain	1
https://eidc.ceh.ac.uk/licences/integrated-hydrological-units-of-the-united-kingdom-web-service/plain	1
https://eidc.ceh.ac.uk/licences/global-dilution-factors-estimates/plain	1
https://eidc.ceh.ac.uk/licences/jhi/plain	1
https://eidc.ceh.ac.uk/licences/OGLhighResTopographicIndex/plain	1
https://eidc.ceh.ac.uk/licences/CEH-GEAR-1890-2014/plain	1
https://eidc.ceh.ac.uk/licences/spiTimeSeriesGroups/plain	1
https://eidc.ceh.ac.uk/licences/SNH/plain	1
https://eidc.ceh.ac.uk/licences/unified-peat-map-of-wales/plain	1
https://eidc.ceh.ac.uk/licences/spiTimeSeriesAreas/plain	1
Attribution statements should acknowledge that these data were collected in collaboration with the New Zealand Department of Conservation Kākāpō Recovery Programme.	1
https://eidc.ceh.ac.uk/licences/griddedspei1961-2010/plain	1
https://eidc.ceh.ac.uk/licences/enbourne/plain	1
https://sg.geodatenzentrum. de/web_public/gdz/lizenz/geonutzv.pdf	1
https://creativecommons.org/licenses/by-nc-sa/4.0/deed.de	1
https://www.govdata.de/dl-de/by-1-0	1
https://www.opensource.org/licenses/gpl-3.0.html	1
https://creativecommons.org/licenses/by-nc/4.0/deed.de	1
http://www.geoportal.hessen.de/portal/ueber-uns/nutzungsbedingungen.html	1
http://creativecommons.org/licenses/by-sa/3.0/es/	1
http://tupa.gtk.fi/paikkatieto/lisenssi/gtk_peruslisenssi_grundlicens_basic_licence_1.pdf	1
http://tupa.gtk.fi/paikkatieto/lisenssi/gtk_peruslisenssi_1.pdf	1
https://www.nationalarchives.gov.uk/doc/open-government-licence/	1
https://www.ordnancesurvey.co.uk/documents/licensing/inspire-end-user-licence.pdf	1
https://www.ordnancesurvey.co.uk/business-government/licensing-agreements/eu-inspire-end-user-licence	1
http://inspire.ec.europa.eu/metadata-codelist/LimitationsOnPublicAccess/otherRestrictions	2
https://www.ni.is/rannsoknir/landupplysingar/skilmalar	2
https://ext-geodatakatalog-forv.lansstyrelsen.se/GeodataKatalogen/codelist/metadata/anvandningsrestriktioner.xml#OkandaBegransningar	2
https://ext-geodatakatalog-forv.lansstyrelsen.se/GeodataKatalogen/codelist/metadata/anvandningsrestriktioner.xml#AnnanBegransning	2
https://resources.geodata.se/codelist/metadata/atkomstrestriktioner.xml#ForsvarsSekretess	2
https://ext-geodatakatalog-forv.lansstyrelsen.se/GeodataKatalogen/codelist/metadata/anvandningsrestriktioner.xml#licensBehovs	2
http://0.0.0.0:8000/uuid/ca7049370a6b47fb9c37d8d8e30520ba	2
http://0.0.0.0:8000/uuid/93ab4b66ac6f532a7f384f6cfff58bd9	2
http://0.0.0.0:8000/uuid/f7189fabb084452c9818ba41e59ccabd	2
http://0.0.0.0:8000/uuid/108b11504ef44f4fb0bb66273e261709	2
http://0.0.0.0:8000/uuid/89918483cf448c555e693cbfaa860889	2
http://0.0.0.0:8000/uuid/796977eeaac24d3ab9d7dc3fe9d26a61	2
http://0.0.0.0:8000/uuid/5723e4ef485748629a02cf8acbf48b75	2
http://0.0.0.0:8000/uuid/a266f328ead407624dde4bb5c9e2e6a2	2
http://0.0.0.0:8000/uuid/d0c9d0a55ac606763558ff03baba16a6	2
http://0.0.0.0:8000/uuid/55d1c9b6e7a4ce41b7a6f8416b7b6261	2
http://0.0.0.0:8000/uuid/53315ed9e51a4b48b8e3f1a256b917f4	2
http://0.0.0.0:8000/uuid/bd5e5f99d8f789324698379efba64502	2
http://0.0.0.0:8000/uuid/a20aa8bcc1254ca96c3c1725960c385f	2
http://0.0.0.0:8000/uuid/4eba765330c84701880a4b27c5ebc18f	2
http://0.0.0.0:8000/uuid/1cd669029af34dcd8fbb4b24bc46c9c1	2
http://0.0.0.0:8000/uuid/31ae96f9cfc54ef9a38638f8723a1d17	2
http://0.0.0.0:8000/uuid/c0001a8c47724dd514e64dcaf358fc60	2
http://0.0.0.0:8000/uuid/ca442697b5f5457a80c0c232b4f6733c	2
http://0.0.0.0:8000/uuid/11d56b36231e44c38cf9f2f4ba596388	2
http://0.0.0.0:8000/uuid/ead9c313d7564425ae28ea3cd63b3c3f	2
http://0.0.0.0:8000/uuid/638eeb244c1d4b5cb49e1c311854f0de	2
http://0.0.0.0:8000/uuid/356f7df856a8637fbf534dc7a2c90f58	2
http://0.0.0.0:8000/uuid/e3a65c1b11972f7b291f1ed4397e77c8	2
http://0.0.0.0:8000/uuid/4f93de2997f44452bef9acdfa425a0d1	2
http://0.0.0.0:8000/uuid/c83df4a9078445dabd8b4df55d8e3897	2
http://0.0.0.0:8000/uuid/b7a48885950c4ed991c0ca3dff18450d	2
http://0.0.0.0:8000/uuid/958a82cbfa7d43a0b07d36e2565860bc	2
http://0.0.0.0:8000/uuid/aaba22410ce92057748f9863275a9a1b	2
http://0.0.0.0:8000/uuid/2c131d5d9d074644964946677691a55f	2
http://0.0.0.0:8000/uuid/dfdf6bc5bdc1483daaa7c2292cab05e4	2
http://0.0.0.0:8000/uuid/2aa3c1b1fcab4360af4365d94bd56875	2
http://0.0.0.0:8000/uuid/bd095d86e4a9f0c706b08058dbad3b31	2
http://0.0.0.0:8000/uuid/614e81f37d834cf09b0bb96a2b63bc2a	2
http://0.0.0.0:8000/uuid/affe775e8d8890a4556aec5bc4e0b45c	2
http://0.0.0.0:8000/uuid/0683e320d8634a37aa1d9ef62dd41a0d	2
http://0.0.0.0:8000/uuid/e0a01ae0098a06297de259b7c2902ab4	2
http://0.0.0.0:8000/uuid/f3ca52f7e593466da09c5bb6a789888f	2
http://0.0.0.0:8000/uuid/573d8ec65dd8ae5ee3f779946fbc2497	2
http://0.0.0.0:8000/uuid/a5015c985d4d40bea3c7a021a8f95db1	2
http://0.0.0.0:8000/uuid/63b00e4ae81528bd680ae45a7184897e	2
http://0.0.0.0:8000/uuid/6fcb4aafad96756132bb816e19747db0	2
http://0.0.0.0:8000/uuid/4be22f465e970f2ef8423bcaf3272bf6	2
http://0.0.0.0:8000/uuid/445fd8b172284b6eb7094c7602fb8fcf	2
http://0.0.0.0:8000/uuid/b1f266c25cf2445f8b87d874f6ac830a	2
http://0.0.0.0:8000/uuid/03d071e3eb5e4beb84c6f5db1efb883c	2
http://0.0.0.0:8000/uuid/bbe9b540281d29efb8e4fa3b82c2d801	2
http://0.0.0.0:8000/uuid/f6f424ff804b434685e2913e5bd2f3b0	2
http://0.0.0.0:8000/uuid/dd72f7a7596548b780c52392291975b0	2
http://0.0.0.0:8000/uuid/7cc596bcc3dbadc434a5044a8175b59d	2
http://0.0.0.0:8000/uuid/836daab8d626442ea9b8d0474125a446	2
http://0.0.0.0:8000/uuid/4e854c6f0c704a7bb4e5a48f547242f0	2
http://0.0.0.0:8000/uuid/813f2102a52841b4941e3ecd42cb1bae	2
http://0.0.0.0:8000/uuid/109faf28375440de9ef18dec85d132d9	2
http://0.0.0.0:8000/uuid/67a97e179d0dcee074969cb7ea87e928	2
http://0.0.0.0:8000/uuid/70ac88bc486108ce47468f43382af020	2
http://0.0.0.0:8000/uuid/0d6c9fd85d1c46c191ad1129f4a0c941	2
http://0.0.0.0:8000/uuid/2efd4a6a45e34a2a97fb1379124a7171	2
http://0.0.0.0:8000/uuid/15c8e637a36e434f9f433f92b56149a2	2
http://0.0.0.0:8000/uuid/1205818e121bd8c12a6029f9cbd11a18	2
http://0.0.0.0:8000/uuid/7fbf7e27ef554981bfff17d6f14f9d8a	2
http://0.0.0.0:8000/uuid/61409a5455cc4913a43da496768d0f67	2
http://0.0.0.0:8000/uuid/647386c0a0fcd1db244e14fbb689e9be	2
http://0.0.0.0:8000/uuid/2b481e7334c90bd763e6b69ab25696f7	2
http://0.0.0.0:8000/uuid/b11f3fa3303e46e6b0d44b058947a3f5	2
http://0.0.0.0:8000/uuid/f9025ac0ca0f4a8da211d8a9dfca75db	2
http://0.0.0.0:8000/uuid/9397dc10f3e94bb2ad498c844bce18b0	2
http://0.0.0.0:8000/uuid/4f574acb1c1c2e0a0c410ab0b4812c3f	2
http://0.0.0.0:8000/uuid/049ff74d15b0ef759e966b275b8d39bb	2
http://0.0.0.0:8000/uuid/9b8aa82e39364cf48b95113d38fc2540	2
http://0.0.0.0:8000/uuid/496afa5cd3b0c85478d85f52e6490b54	2
http://0.0.0.0:8000/uuid/e5b2c9f5065e4701b79d12450b7ba81b	2
http://0.0.0.0:8000/uuid/1db3e88545c077fdc469c02cc27e4c9b	2
http://0.0.0.0:8000/uuid/b6700d9d2b1896437635dc8d4e13f934	2
http://0.0.0.0:8000/uuid/a31ca90e3d524c99aef5d8223135f397	2
http://0.0.0.0:8000/uuid/fd8f01d18eb74d06a0dc713d28b5eb7b	2
http://0.0.0.0:8000/uuid/efc303c7c14743f49c0d725ed975682c	2
http://0.0.0.0:8000/uuid/0f98ddb81f044c9f8eb2141767076c50	2
http://0.0.0.0:8000/uuid/37f2bef57e28bcd780a5cbfe077f4bf8	2
http://0.0.0.0:8000/uuid/48a2be1f27a1433bbe4d47b23e20a15f	2
http://0.0.0.0:8000/uuid/f4f77c55fd304ada9bfe2195927a053b	2
http://0.0.0.0:8000/uuid/5352599fc02945c48aecd51bf4628db8	2
http://0.0.0.0:8000/uuid/4e059bb552c99e9f62b03a0976b0482b	2
http://0.0.0.0:8000/uuid/6297603d25100cc5e977b750c1a524f7	2
http://0.0.0.0:8000/uuid/53e6cf2cbb52457987466f049c734f43	2
http://0.0.0.0:8000/uuid/ac5793483bcf4d5694d0b0434f776468	2
http://0.0.0.0:8000/uuid/6aba66fd039c437bba1f6df4023c8382	2
http://0.0.0.0:8000/uuid/46be9daa3a9c4afabb62be75e6e44999	2
http://0.0.0.0:8000/uuid/214110e112b14fb684cc78dcc796ea45	2
http://0.0.0.0:8000/uuid/6b45fb0da5dd0346866b836cf48be082	2
http://0.0.0.0:8000/uuid/fe8eaca1b26042caafd721c7c8333e82	2
http://0.0.0.0:8000/uuid/d40e4067ae0121b31bb1ba57e04707de	2
http://0.0.0.0:8000/uuid/bff84b935ce5aa9f04624777b0eea507	2
http://0.0.0.0:8000/uuid/f0a76b5b2c3d7b82299c51ceb849755e	2
http://0.0.0.0:8000/uuid/5a05ca825fd44031933193d7a259f038	2
http://0.0.0.0:8000/uuid/70d627f22d3c44d5ac64d9727c9d1a13	2
http://0.0.0.0:8000/uuid/83035a56b0e3498694aed0f319a83d7c	2
http://0.0.0.0:8000/uuid/356ae234d1ad4681a2dd2c599f21883c	2
http://0.0.0.0:8000/uuid/e964b463ced4f4198f365cccd2633e6e	2
http://0.0.0.0:8000/uuid/9aae4919af514b28b8e057b8b765a55c	2
http://0.0.0.0:8000/uuid/513d58661d8c4d4991ab026debd242bc	2
http://0.0.0.0:8000/uuid/c222346294018fdbf5b96e5a05fa8ef4	2
http://0.0.0.0:8000/uuid/e0a21d089a0d4eba8465e63306a66a6d	2
http://0.0.0.0:8000/uuid/a2748ad4583d4b79b78522003079050b	2
http://0.0.0.0:8000/uuid/1ef9f265346e2e211c6c0a7dc22b270e	2
http://0.0.0.0:8000/uuid/a590f587d3b64ca28a367fa3c82554fb	2
http://0.0.0.0:8000/uuid/d112c1f1a94541aea29653b8971f9dfb	2
http://0.0.0.0:8000/uuid/a6ca5bc1b36d1b1a83cba4e4ac4b0bac	2
http://0.0.0.0:8000/uuid/0804f05e4be2aff916cdfb03cf37b370	2
http://0.0.0.0:8000/uuid/2bca5457886c9352197c0fe9b7122418	2
http://0.0.0.0:8000/uuid/a5c58f5e41144a55b7c48373c3b038be	2
http://0.0.0.0:8000/uuid/186587302d544902bf60a4883be5e62e	2
http://0.0.0.0:8000/uuid/bb0886963981420d8f673b1886173f24	2
http://0.0.0.0:8000/uuid/88fa0b25323b480b8d4370176b2333e7	2
http://0.0.0.0:8000/uuid/b0e6eb5efa623c837d10a233256cc9ce	2
http://0.0.0.0:8000/uuid/0816a24092be4d1395b9539f4c1deb0a	2
http://0.0.0.0:8000/uuid/c729eb607e0830349d495020d0076723	2
http://0.0.0.0:8000/uuid/9192420b6b74965d76cd69ce9222046d	2
http://0.0.0.0:8000/uuid/b6787e70e4104cf9ae95aec673699d47	2
http://0.0.0.0:8000/uuid/d285c1977d3d623197ff3e95f8328c4f	2
http://0.0.0.0:8000/uuid/07a6ec510275c091c6666987f6c56a49	2
http://0.0.0.0:8000/uuid/035bf62d438044bba51659186465cffc	2
http://0.0.0.0:8000/uuid/dd2b2c12df8a0599e75131375bd7b961	2
http://0.0.0.0:8000/uuid/625a38498f364f0caa04407fb85644b8	2
http://0.0.0.0:8000/uuid/43ddf5c677a14b9ebe8e8248797bdfb8	2
http://0.0.0.0:8000/uuid/e6f4f7f24b254bea8d652d4d861cec68	2
http://0.0.0.0:8000/uuid/fc19058382304b27a34286c5a244ba97	2
http://0.0.0.0:8000/uuid/61ac0d9b3fd14695b24fa4c2f46cf120	2
http://0.0.0.0:8000/uuid/b7982906b1a34c4ea8beab7af74081f0	2
http://0.0.0.0:8000/uuid/98c5135d9eb44a9da46a9d19beb14e71	2
http://0.0.0.0:8000/uuid/839e4b9a9a144ed08843716f75c31322	2
http://0.0.0.0:8000/uuid/58fcf686ac9f49d7a1165480b38d9b45	2
http://0.0.0.0:8000/uuid/28935552223242ca97953a8db99c2821	2
http://0.0.0.0:8000/uuid/e302b4dd46f54dd5b2dceb374f390c4a	2
http://0.0.0.0:8000/uuid/6f51d26e7699413196cc6f8b29bfa4b2	2
http://0.0.0.0:8000/uuid/a1febf62fbb54c79ab73e6f9b93bc485	2
http://0.0.0.0:8000/uuid/d2eea061026240eb8a2f9cc64a691338	2
http://0.0.0.0:8000/uuid/dce27a397eaf47e797050c220972ca0e	2
http://0.0.0.0:8000/uuid/62f41d30d9d344749b693e98cb79efc6	2
http://0.0.0.0:8000/uuid/952240c4d03cfcfdef1590a4bad64ffb	2
http://0.0.0.0:8000/uuid/9759525d6ef164940e54bddeb7001dca	2
http://0.0.0.0:8000/uuid/e9f6c496648f98090e1e1b5d0ab7fd05	2
http://0.0.0.0:8000/uuid/13631476324948598c34e84ce90a1363	2
http://0.0.0.0:8000/uuid/6990c4c8e1f0a971e8b8c2046b004f31	2
http://0.0.0.0:8000/uuid/9506d4a8097e4e1d8e11d322cf760448	2
http://0.0.0.0:8000/uuid/3856730151b64dc49055f383ada95f05	2
http://0.0.0.0:8000/uuid/50c910be037a4fed9dd266493e2c087c	2
http://0.0.0.0:8000/uuid/471721ced1a07accec75e116415cbd84	2
http://0.0.0.0:8000/uuid/8d4c0a96eb73432695f4721f7b3d71e4	2
http://0.0.0.0:8000/uuid/7a712f5db671ce7b072837b947e62f4a	2
http://0.0.0.0:8000/uuid/6a5cf2c6e142975e71ff340e0c41777d	2
http://0.0.0.0:8000/uuid/736b7a6165b96c693b771e09d843a7c5	2
http://0.0.0.0:8000/uuid/6fa760d4630e49e0b27a491a943694b1	2
http://0.0.0.0:8000/uuid/2ff89840a89840868acff801f8859451	2
http://0.0.0.0:8000/uuid/c9401560af57cb76ffca4da0d86c8dcc	2
http://0.0.0.0:8000/uuid/988e82acb8be4e1f9186cbdd8c4cc39c	2
http://0.0.0.0:8000/uuid/201f8dcfce324681b79bc899e9337d99	2
http://0.0.0.0:8000/uuid/65edc10dc0664aeda89dec81f2c6426e	2
http://0.0.0.0:8000/uuid/38b8e5e524e1449ab4b4994970752644	2
http://0.0.0.0:8000/uuid/e3fe07572c3535d23b1506c43ab62347	2
http://0.0.0.0:8000/uuid/8fce078051e14a169efa716cd37f6104	2
http://0.0.0.0:8000/uuid/3030e41d2a5b4d0cb2492c007df4ea03	2
http://0.0.0.0:8000/uuid/9d0e5124b77e7549de08c7352e873e86	2
http://0.0.0.0:8000/uuid/78c313a2b8914084b5a7ff6c360ee5c9	2
http://0.0.0.0:8000/uuid/b81fc7ae7878129af01db6caa38e0523	2
http://0.0.0.0:8000/uuid/42a2fb43b0a7415aab4aaa9ae00193f0	2
http://0.0.0.0:8000/uuid/7529868ca3b28c5bcb8591607a47148e	2
http://0.0.0.0:8000/uuid/0595a5a21f864ae69a8a333c84ab46c3	2
http://0.0.0.0:8000/uuid/38fd6c7841d84a6686ca663fcdd61a3f	2
http://0.0.0.0:8000/uuid/3013f5fdcb544848bb028cb1a31178e9	2
http://0.0.0.0:8000/uuid/931c7350a9884549aa7027b8bf4f6185	2
http://0.0.0.0:8000/uuid/a6b405382ac443a7aa26e520f8507e8f	2
http://0.0.0.0:8000/uuid/c0edac5a52c64e55ab61bc49a493ef9c	2
http://0.0.0.0:8000/uuid/47edf6f8790da0ebb5080feb810a630e	2
http://0.0.0.0:8000/uuid/644012c75ef5c143d43e6842fa4b05f1	2
http://0.0.0.0:8000/uuid/a546b493da9941a0a1c1d5e30df68404	2
http://0.0.0.0:8000/uuid/87f43af9d02e42f483351d79b3d6162a	2
http://0.0.0.0:8000/uuid/92d4f1fbca9347cda08d06eb0df7b0c3	2
http://0.0.0.0:8000/uuid/e97a9c9d4d7e4e51bcbef71dc13dea79	2
http://0.0.0.0:8000/uuid/f9ade9b35690448a925c848ad174575c	2
http://0.0.0.0:8000/uuid/80cbbbead55a6e83e9646ecacf9ffb5e	2
http://0.0.0.0:8000/uuid/5dfef196ad9f2e1aebf9c3ff4f2dd091	2
http://0.0.0.0:8000/uuid/e8ea50a8a5b73fd5216a386ea90a706c	2
http://0.0.0.0:8000/uuid/e6f5502c687f25a6c7009d4704b124b4	2
http://0.0.0.0:8000/uuid/8e1662bfe93d4720adfcfd8925862bad	2
http://0.0.0.0:8000/uuid/ea2d5d8bce505ad4b10e06b45191883b	2
http://0.0.0.0:8000/uuid/42ca2df952fe428f9f6fbce07d092f93	2
http://0.0.0.0:8000/uuid/2d9c5f2cc621fb9bc0062356851b31b9	2
http://0.0.0.0:8000/uuid/e5ae88e5277d43c39e2069c6b18b831f	2
http://0.0.0.0:8000/uuid/5fa2529b973e47ae38ab3557f2018ef4	2
http://0.0.0.0:8000/uuid/d62f7f801cb54c749d20e736d4a1039f	2
http://0.0.0.0:8000/uuid/0e84c6fd72c9a3ea3e772e12e5699307	2
http://0.0.0.0:8000/uuid/6ac7dd15c35b416d83dbebc1713c7909	2
http://0.0.0.0:8000/uuid/1873b605e2a74cac8b4f5d12593e54fc	2
http://0.0.0.0:8000/uuid/1d9825e2b05b48cdb7971ced8c63965a	2
http://0.0.0.0:8000/uuid/585b29ba4a054760ac4e53e7d95290b9	2
http://0.0.0.0:8000/uuid/61e6e242d5334cf0949e2c3e969b96d1	2
http://0.0.0.0:8000/uuid/dd0a9eb5fd144573a615369f77c025d8	2
http://0.0.0.0:8000/uuid/9b37cafea3a1fa3e6f69b3a85c46ee5c	2
http://0.0.0.0:8000/uuid/34126fea1952697be8d2a5a7e08b23d6	2
http://0.0.0.0:8000/uuid/42bcf75ae7f0b2a12d84dfa2216c31e5	2
http://0.0.0.0:8000/uuid/57038ca1ded5da15898197487c8edea9	2
http://0.0.0.0:8000/uuid/308cd069fdb90c9f7ff790fdec5f2523	2
http://0.0.0.0:8000/uuid/d330c7873c3f4880893bdedb547bea20	2
http://0.0.0.0:8000/uuid/2e7282eb1a9f4c2a0e171d3f1590bfab	2
http://0.0.0.0:8000/uuid/81693aad69409100b1b9a247b9ae75d5	2
http://0.0.0.0:8000/uuid/9842e395f2d04f48a177c3550756bf98	2
http://0.0.0.0:8000/uuid/4fd11eb64f234de399704d4829467286	2
http://0.0.0.0:8000/uuid/191b6a219b6f450b839abe58ee30ad6c	2
http://0.0.0.0:8000/uuid/569bc9a4b454f779e8a11e9ed3f621ef	2
http://0.0.0.0:8000/uuid/4e0edba2e012485d95f3d552791aacba	2
http://0.0.0.0:8000/uuid/b3e807b8df824a8ca83468ce2e5b54e5	2
http://0.0.0.0:8000/uuid/7603d895ebf0fbf6fb41a5edacbce575	2
http://0.0.0.0:8000/uuid/93b710753c2da8e02b19518bd0dce2a6	2
http://0.0.0.0:8000/uuid/fca4c20dc3304cd79c73cb38266afa29	2
http://0.0.0.0:8000/uuid/4edf2c81f19af1bf6183c2db4c1e8eb8	2
http://0.0.0.0:8000/uuid/569b689e53e3ccab2ffaa79cb3fd6755	2
http://0.0.0.0:8000/uuid/2e4f5b3748874c61a265f58039898ea5	2
http://0.0.0.0:8000/uuid/f9c7d70b0e6d4c31c067e75ab67cb3cc	2
http://0.0.0.0:8000/uuid/1793a892e540cdca61e72fdae4ae4573	2
http://0.0.0.0:8000/uuid/3e0a5f6f470c2b6b436e59a6a7fb8f7d	2
http://0.0.0.0:8000/uuid/2adc7994200734f3503b796691293530	2
http://0.0.0.0:8000/uuid/f23c8a29c38c41908e6676b8a6e4c61d	2
http://0.0.0.0:8000/uuid/04f9006457e54c49b628913912827ad7	2
http://0.0.0.0:8000/uuid/d7e02c75191a4515a28a208c8a069e70	2
http://0.0.0.0:8000/uuid/939c6aa57f9bcd5340157cb013b036d8	2
http://0.0.0.0:8000/uuid/a67433b396a6320311836086760e43e5	2
http://0.0.0.0:8000/uuid/3587430e588b491e8a795664466a27d1	2
http://0.0.0.0:8000/uuid/43b756af495440ef8ab460d16926263f	2
http://0.0.0.0:8000/uuid/51a90cd5a54a1bd84b18d8b7a839a2df	2
http://0.0.0.0:8000/uuid/20981e3052a66ca71c2ba92b94760150	2
http://0.0.0.0:8000/uuid/1d0c047ea3ced97cc7e988d7d286052a	2
http://0.0.0.0:8000/uuid/932c79b1f7cd4f34b7c542f316f39c17	2
http://0.0.0.0:8000/uuid/d8e627be22c940e0b299bfcaaca1dd24	2
http://0.0.0.0:8000/uuid/a5c833831e26474bb1100ad3aa58bdf9	2
http://0.0.0.0:8000/uuid/c59f184de7a408212ee926a9ee6bf66e	2
http://0.0.0.0:8000/uuid/605b99a139b1162de6a1096a11b0a8b4	2
http://0.0.0.0:8000/uuid/d9ed9508007448659139d92e43d3ba84	2
http://0.0.0.0:8000/uuid/2917b757d3994325b05febaa0cf239bd	2
http://0.0.0.0:8000/uuid/f0095ccfd57aa3c62b64d3e406ab1f73	2
http://0.0.0.0:8000/uuid/40d84aa46ed044cda4c1342c321f9d59	2
http://0.0.0.0:8000/uuid/82adec1f896af6169112d09cc1174499	2
http://0.0.0.0:8000/uuid/1b7f4a06e521454dadfc252248dd7ffc	2
http://0.0.0.0:8000/uuid/dafbd838e4cc4c68a5ccdd90690ea57f	2
http://0.0.0.0:8000/uuid/7ebff7be4c0149d082ca9a32ec8df4da	2
http://0.0.0.0:8000/uuid/5cc1d6587533461fbfaf7d9fcc5ce86c	2
http://0.0.0.0:8000/uuid/5a2083554c037d47a87b8e46f0f48dba	2
http://0.0.0.0:8000/uuid/be30c9c2d38747c69d2895834c0146a2	2
http://0.0.0.0:8000/uuid/cc840b74a3024f9c8552b8bdbd051b46	2
http://0.0.0.0:8000/uuid/775634f7e339b5262067e28a5d7b679d	2
http://0.0.0.0:8000/uuid/45d683b2cbcb484dbfe15f67960ddf46	2
http://0.0.0.0:8000/uuid/6877f4f100d22f750b44f4c3b7ada498	2
http://0.0.0.0:8000/uuid/a819cc838ad4c4f06a98ac4ce57df309	2
http://0.0.0.0:8000/uuid/ced1bee759d3469791d3419c2c625716	2
http://0.0.0.0:8000/uuid/38ab7089781a4560b067dd6c20af3769	2
http://0.0.0.0:8000/uuid/f06c6aa727404ca788ee3dd0515ea61a	2
http://0.0.0.0:8000/uuid/59e96db4872f4537bea6866b686d27d1	2
http://0.0.0.0:8000/uuid/220a65615218d5c9cc9e4785a3234bd0	2
http://0.0.0.0:8000/uuid/526ec947ec2d4467b128749e9fe46f1a	2
http://0.0.0.0:8000/uuid/2ded5eab02a6df5fd400e33899a4fd73	2
http://0.0.0.0:8000/uuid/c68ad0b6dfe64269a57874070a284b67	2
http://0.0.0.0:8000/uuid/ad2ac0ddd3f34210b0d6e19bfc335539	2
http://0.0.0.0:8000/uuid/ff56c477790940dba0e44aadf0bc8c23	2
http://0.0.0.0:8000/uuid/333bf4303034426a857515a768387e4f	2
http://0.0.0.0:8000/uuid/31f3f03483a84110a6c32f9289a8c8a6	2
http://0.0.0.0:8000/uuid/f586565d92fa4f63b663187f9cb22a2c	2
http://0.0.0.0:8000/uuid/960298f960b7487b9cc07d81aebbf04c	2
http://0.0.0.0:8000/uuid/00b5fc99f9384782976a4453b0148f49	2
http://0.0.0.0:8000/uuid/56c94cb1410f4f2b8a41729c0e558617	2
http://0.0.0.0:8000/uuid/3a66dcfef20647ef9885b92eabf3c897	2
http://0.0.0.0:8000/uuid/7dcfc1657ae14e3d959e578c40ebe771	2
http://0.0.0.0:8000/uuid/780e9bb79a1c4280aa3b96241bbd62d5	2
http://0.0.0.0:8000/uuid/b0decc428d6329dfc618cbe2cb569559	2
http://0.0.0.0:8000/uuid/a67013c3683d42a4a54be000c78a38e9	2
http://0.0.0.0:8000/uuid/251474c7b09449d8b9e7aeaf1461858f	2
http://0.0.0.0:8000/uuid/b1196b7c17d4926d963717c529f76222	2
http://0.0.0.0:8000/uuid/b0692e9936382b83857da6d6f64a0094	2
http://0.0.0.0:8000/uuid/f4a667ca60dc4e3e83b7bf59ed859a95	2
http://0.0.0.0:8000/uuid/05f97d2d38abf207abafe96871bca91f	2
http://0.0.0.0:8000/uuid/5a7ab5838a3640bba15c9223509dc057	2
http://0.0.0.0:8000/uuid/b8ab41d60c6038f4904983f439205883	2
http://0.0.0.0:8000/uuid/531384467ff3af2b468b668f405104e1	2
http://0.0.0.0:8000/uuid/43cbc30e4e0d45629b106e67f87b6c75	2
http://0.0.0.0:8000/uuid/4b111acb0cc54c428366cbfb28bb739b	2
http://0.0.0.0:8000/uuid/da178ab717344a08adaf552151f21857	2
http://0.0.0.0:8000/uuid/5aeeae2bd877479c9617c45c4345ff51	2
http://0.0.0.0:8000/uuid/c5c0b3bb82134f1a9285a0feecbfbba0	2
http://0.0.0.0:8000/uuid/c5af4ff389bb89fe4de3fe27fcf671fb	2
http://0.0.0.0:8000/uuid/01c44fb05fbd6e428efbd57969a11177	2
http://0.0.0.0:8000/uuid/d90ca0077e3344c7840ca56e49f89ee7	2
http://0.0.0.0:8000/uuid/014568b39a754538a27e25f24e7f1fca	2
http://0.0.0.0:8000/uuid/c19b0914521144ab8c18c91d586c6847	2
http://0.0.0.0:8000/uuid/5fcae68057ea43259d0a4530d34e4ba5	2
http://0.0.0.0:8000/uuid/1e3b57d54fe4c4f5c0f1e4a319f53186	2
http://0.0.0.0:8000/uuid/72afa18db5988d1be0066a26e09422df	2
http://0.0.0.0:8000/uuid/f6cb089c2ff34b4299bd853fcc603d52	2
http://0.0.0.0:8000/uuid/58fc756de9264fd89c4b1d9f667f1f36	2
http://0.0.0.0:8000/uuid/43d161e307794749a45a097187f93269	2
http://0.0.0.0:8000/uuid/d6c73d4960fd4ad1a08b807b7925b22a	2
http://0.0.0.0:8000/uuid/d31ec9ec0411447e9056d14b6f941026	2
http://0.0.0.0:8000/uuid/a94dc55e61d34a1691c5941160402f02	2
http://0.0.0.0:8000/uuid/a21c1f5a86d16a4441245839e3575869	2
http://0.0.0.0:8000/uuid/62123bccce294d9ca34efaf5a0bdc695	2
http://0.0.0.0:8000/uuid/62393c9183bd9d84de2780085a0237a0	2
http://0.0.0.0:8000/uuid/e9ccd46c774c49bf8917fc645f64a98b	2
http://0.0.0.0:8000/uuid/75cf176e53b648a3bae58168f4c20218	2
http://0.0.0.0:8000/uuid/770a885a8bc34d51ad71e87ef346d6a8	2
http://0.0.0.0:8000/uuid/47e562d1865f4ce6b06a7a292ea85227	2
http://0.0.0.0:8000/uuid/2d0118fccc86444f9bdb87d2dfce4a52	2
http://0.0.0.0:8000/uuid/094d9c9b9dda42c0aa1a1848af9fb56b	2
http://0.0.0.0:8000/uuid/9279c7e807a2ef0eb78a03c3821e62c4	2
http://0.0.0.0:8000/uuid/06d1c86f906e42f58172de32c2640be2	2
http://0.0.0.0:8000/uuid/5af3f51efc1d46c88d35be217b20fad3	2
http://0.0.0.0:8000/uuid/bce92b9d25b44c77b0eabc8e9f2fb9b6	2
http://0.0.0.0:8000/uuid/2e735f1e75844ede83f4af703214ad56	2
http://0.0.0.0:8000/uuid/c06ec960d55c69e787ca339022e59c6c	2
http://0.0.0.0:8000/uuid/9a2438602c2b534f54d81e54b9d98d75	2
http://0.0.0.0:8000/uuid/1e57bc703338498ca209aa2a933cac1d	2
http://0.0.0.0:8000/uuid/7767578df074e685932237a00ef319c5	2
http://0.0.0.0:8000/uuid/11ee7caa7e65475f96c628dd3e532f87	2
http://0.0.0.0:8000/uuid/86f7f9b326534827bac1699e6873aa35	2
http://0.0.0.0:8000/uuid/ae225c7a2939414da22ac52db27b2bc7	2
http://0.0.0.0:8000/uuid/93fdb48b713b4dbc93a28d695771312d	2
http://0.0.0.0:8000/uuid/0767f12712a444c487f9f9675ba5cfff	2
http://0.0.0.0:8000/uuid/9162fb1657072abb2570cdeae69994fc	2
http://0.0.0.0:8000/uuid/1bc1a2336af44b1d9f573b4f16e8ff76	2
http://0.0.0.0:8000/uuid/5391a10e4f644229bc138f8a95ca42f1	2
http://0.0.0.0:8000/uuid/3b0630c7fa264164868d4da5c9f90bed	2
http://0.0.0.0:8000/uuid/b05d478170e14356bbe2c3cce3f7bf67	2
http://0.0.0.0:8000/uuid/d424bd5ea95c442ea259a4fa109798d9	2
http://0.0.0.0:8000/uuid/f5642a5251498d36250b6e19b37199f3	2
http://0.0.0.0:8000/uuid/963efec14bcb4ee9b39dcd73a38abacd	2
http://0.0.0.0:8000/uuid/726ce54c74a0479a965a9231744c3eae	2
http://0.0.0.0:8000/uuid/108ec79af9ede50c5438d1b4574281da	2
http://0.0.0.0:8000/uuid/39cc5db2889348f888b824520316e9d2	2
http://0.0.0.0:8000/uuid/7cbc3fc19bfa037a48ba4cba4b93544d	2
http://0.0.0.0:8000/uuid/9ed8d70ffde5b757691f3d8124f13148	2
http://0.0.0.0:8000/uuid/72407f08415c4b868c85b934033691b3	2
http://0.0.0.0:8000/uuid/6e8f00acaf7e4f82b312d3e40592df88	2
http://0.0.0.0:8000/uuid/666320d5c4ac4b949a55695bfedf3958	2
http://0.0.0.0:8000/uuid/00f58d1d7b6c8f38993e77c79e72da92	2
http://0.0.0.0:8000/uuid/049f5d4e683d4441a9022a2d8db61aaf	2
http://0.0.0.0:8000/uuid/69323c36acb840b284f670df8da693e2	2
http://0.0.0.0:8000/uuid/eeabb5e1ff2140f48e76ea1ffda6bb48	2
http://0.0.0.0:8000/uuid/ce9e9348d3ff486384d85e31536050c1	2
http://0.0.0.0:8000/uuid/479ba864fcfc46b4f5a9059e91d7e84d	2
http://0.0.0.0:8000/uuid/eb1d7cd4265b240d14707d9df2d9e828	2
http://0.0.0.0:8000/uuid/9f7a888398fcb9b49c9a7e380f713e20	2
http://0.0.0.0:8000/uuid/394464f9c39445d3b6445d8e305841d7	2
http://0.0.0.0:8000/uuid/3b1c1cf972b24db3b26dfd592f751a77	2
http://0.0.0.0:8000/uuid/dd96551bfbaa4c19b0b1399f8131f1ff	2
http://0.0.0.0:8000/uuid/0ce70613f8ec10214fc2176d55f34566	2
http://0.0.0.0:8000/uuid/41a6e20ba98c4913ea6893e2fcb5aec5	2
http://0.0.0.0:8000/uuid/c82574d742b6172e7abd7d01524eb22c	2
http://0.0.0.0:8000/uuid/8ee156b6ed41b153e85dbf02a4134513	2
http://0.0.0.0:8000/uuid/37d6ea7956a74af0bef827b94e0fb602	2
http://0.0.0.0:8000/uuid/ec976af94c3340b280c826252f4be842	2
http://0.0.0.0:8000/uuid/dccb03b976696e2dfee42ef259a546a2	2
http://0.0.0.0:8000/uuid/e5985109b7fd4cffb0604b9ab33da801	2
http://0.0.0.0:8000/uuid/f284372062b14bd5a7184775d439b8d4	2
http://0.0.0.0:8000/uuid/ab029e4d61e94aaba2ecbf40779ad42d	2
http://0.0.0.0:8000/uuid/e2e7df8c78bc4608b24d4e5a154abbab	2
http://0.0.0.0:8000/uuid/2c313be9ae704e8a92577afc2a70c928	2
http://0.0.0.0:8000/uuid/216becee8a6844ba8f8f98b9f075a635	2
http://0.0.0.0:8000/uuid/2768de53393442fe859b4a72c27d0416	2
http://0.0.0.0:8000/uuid/6d174866bffa027564340a4cd561ddfa	2
http://0.0.0.0:8000/uuid/5a7fdd1d695040ed95c66dd0092216ee	2
http://0.0.0.0:8000/uuid/0e17fb6a4869482fa041f16687dcf496	2
http://0.0.0.0:8000/uuid/0074e6260ab945f3ad8be94990eb53e5	2
http://0.0.0.0:8000/uuid/7b8071fb96e34e709eb7dbd8893dd071	2
http://0.0.0.0:8000/uuid/ec33852e9c9e7a8b09ec7d638fec2668	2
http://0.0.0.0:8000/uuid/1cec31b7f73d429d8d273064d0a8f824	2
http://0.0.0.0:8000/uuid/17381cd841ba46aca622307cdcf95da7	2
http://0.0.0.0:8000/uuid/98a933094fa44e8cb886649cf3f5ba4c	2
http://0.0.0.0:8000/uuid/37e1193a2369aff54d22a40ac402030b	2
http://0.0.0.0:8000/uuid/e8e304c1449646d79f958becaab4276c	2
http://0.0.0.0:8000/uuid/8ad19cfe00d04ce799ca7132a5dd2111	2
http://0.0.0.0:8000/uuid/388d8c06a1c8401480b38d400b333f96	2
http://0.0.0.0:8000/uuid/cd3dcce0a412436ba336a3faba3a996c	2
http://0.0.0.0:8000/uuid/d2daa5fb646d4792bb87ee79e1c529ab	2
http://0.0.0.0:8000/uuid/69835240982f4aee9f9038a6414e02c1	2
http://0.0.0.0:8000/uuid/55c74c02ec8e4afea309043d110a93e7	2
http://0.0.0.0:8000/uuid/104e586395d1cc4af88f5b69d5501745	2
http://0.0.0.0:8000/uuid/171da080a7153683883001c8aad20c02	2
http://0.0.0.0:8000/uuid/91ddf459b34c8efa4fc6fd711f6f1d88	2
http://0.0.0.0:8000/uuid/be3d8f1802104cb081ee88b2b077f9a5	2
http://0.0.0.0:8000/uuid/1fe8654675a3453cab4a8d698d8ada48	2
http://0.0.0.0:8000/uuid/50d3bcfabff933e00e707f219723f3ad	2
http://0.0.0.0:8000/uuid/36517548500e1e4e85c97d99457e268a	2
http://0.0.0.0:8000/uuid/00eefd637889f9422c445e8ff7b2a971	2
http://0.0.0.0:8000/uuid/a2d86deca5264e38bce22b8c96f01d99	2
http://0.0.0.0:8000/uuid/77a24c3705599d03825ce9005a8610f8	2
http://0.0.0.0:8000/uuid/dc2d503c1ff1ffc7ada8b25e0ba3009d	2
http://0.0.0.0:8000/uuid/07caa9a158294700afe55166160b5139	2
http://0.0.0.0:8000/uuid/f37b798c177e7de3c07426b4fc619d13	2
http://0.0.0.0:8000/uuid/b2f4d761e55e4189ac7a1c11a0d79809	2
http://0.0.0.0:8000/uuid/96666de7316b34c99a8ac400335017cd	2
http://0.0.0.0:8000/uuid/ba4dc1a5a1bbdecaeb99bf957db02dc3	2
http://0.0.0.0:8000/uuid/5297667993904b12b0f8cbd8400ab56b	2
http://0.0.0.0:8000/uuid/38a6e76871fca4c58d0f831e532bff41	2
http://0.0.0.0:8000/uuid/9a1295858ff14fc6acea73e356a8842c	2
http://0.0.0.0:8000/uuid/e3494256b4674e50973872839030674c	2
http://0.0.0.0:8000/uuid/a2ae0fafbc474ef9a4f9f768aca75438	2
http://0.0.0.0:8000/uuid/e661035fa87f414ea2615b2b46596acb	2
http://0.0.0.0:8000/uuid/b810601740bd4848b0d7965e6d83d26c	2
http://0.0.0.0:8000/uuid/bf3c7e63092b45f2927e3e1d260c4f01	2
http://0.0.0.0:8000/uuid/650515908b44d7a0ded50baa1ef770c0	2
http://0.0.0.0:8000/uuid/b600fe2aca10f44bd47d6f7b53992c51	2
http://0.0.0.0:8000/uuid/68c71a0163c44270b2ca0e0f2e0d90f4	2
http://0.0.0.0:8000/uuid/c9765f8ac44c51a302df55478b97774e	2
http://0.0.0.0:8000/uuid/a9f7c9d7123b4c3f8e13382d66679d1a	2
http://0.0.0.0:8000/uuid/d821e1bcff7947eab72b1be656c6d21a	2
http://0.0.0.0:8000/uuid/5920a2c77e3c45339477acd31ce62c3c	2
http://0.0.0.0:8000/uuid/18c737a986094b1abd19cfebc9d0c374	2
http://0.0.0.0:8000/uuid/44beda2983d4b3522d33ce1aaf794151	2
http://0.0.0.0:8000/uuid/116aed45b5f0d15ddc3b0e753837e8c9	2
http://0.0.0.0:8000/uuid/e446ff4c5e9386c17427c34c3a2d215b	2
http://0.0.0.0:8000/uuid/fce964f2c07f107e3db5fb0a5c09c9b8	2
http://0.0.0.0:8000/uuid/9a5ae4243c6c47efbd626135dfbe36a6	2
http://0.0.0.0:8000/uuid/bc15810f9cd7443893217c36d6a67e0c	2
http://0.0.0.0:8000/uuid/5806da02ef934a7c83d959bed50c2252	2
http://0.0.0.0:8000/uuid/1bd42cf1d9aa4603843402f3a6af79bb	2
http://0.0.0.0:8000/uuid/a0c7a4c46a83992cfdf9820a4b253923	2
http://0.0.0.0:8000/uuid/1dc189bbf94209b48ed446c0e9a078af	2
http://0.0.0.0:8000/uuid/7fe9f59731ab47b6a20e792e0cba4641	2
http://0.0.0.0:8000/uuid/f7fe8f7cf1a3e877de02f5b9d1e47403	2
http://0.0.0.0:8000/uuid/de2e30c90eb7449c8cbcf9b45c7a1192	2
http://0.0.0.0:8000/uuid/2415d3d77d9acf6f76497cef7072a564	2
http://0.0.0.0:8000/uuid/26b7ccf9c2954e2f87c0bce1ba680b65	2
http://0.0.0.0:8000/uuid/df930702332a459ab2203c92a14e36a0	2
http://0.0.0.0:8000/uuid/4264875db3d6b70acd34b63781a349d4	2
http://0.0.0.0:8000/uuid/aa1dc1294d8235e7b62a4fc62b3ff3d6	2
http://0.0.0.0:8000/uuid/ff8a7f27b827c108dd9756adffaaa942	2
http://0.0.0.0:8000/uuid/a4d6edc8efdc4b8c952d86d92270ab65	2
http://0.0.0.0:8000/uuid/c3a5d72a5a24058ae4d56965c18300f1	2
http://0.0.0.0:8000/uuid/5971cb20fae94540b862ae3ed3204c3f	2
http://0.0.0.0:8000/uuid/bcef9e87740e4cbabc743d295afbe849	2
http://0.0.0.0:8000/uuid/34e75e7e8e838b0f3ee5916856d510b4	2
http://0.0.0.0:8000/uuid/1dbe7a109c0244aaad713e078fd3059a	2
http://0.0.0.0:8000/uuid/80890e9046994ad099af30a45a3c7031	2
http://0.0.0.0:8000/uuid/274a27cf1c0447809504923e65b9b650	2
http://0.0.0.0:8000/uuid/62807760eae541eeb2e5e15ab9553244	2
http://0.0.0.0:8000/uuid/29b566562d0c4a9b969c65874091e74a	2
http://0.0.0.0:8000/uuid/41216812e26d458dbef9daa603050538	2
http://0.0.0.0:8000/uuid/a9b7329a84ae3477cb826e2f55b12a39	2
http://0.0.0.0:8000/uuid/ac73aca8c271d8c763eef1040987be62	2
http://0.0.0.0:8000/uuid/eccb6e57382d405cbd1090d464f981ce	2
http://0.0.0.0:8000/uuid/a0913dba885f1b1c0e3eb6dc0c04c188	2
http://0.0.0.0:8000/uuid/133382431f1a49e0a178743c39f30996	2
http://0.0.0.0:8000/uuid/565b6bb5a0535b438ad2fae4c852e1b3	2
http://0.0.0.0:8000/uuid/5fda5ee95a544a3b894dd4a5392be618	2
http://0.0.0.0:8000/uuid/378c3e773d87e42b30ff10379143eb4c	2
http://0.0.0.0:8000/uuid/5e789087d4e847308a39b3fe5b26e281	2
http://0.0.0.0:8000/uuid/b6c714aad70936d663e2e235aa91187c	2
http://0.0.0.0:8000/uuid/4d222e79d55e4a8aad87f2979c03ef4d	2
http://0.0.0.0:8000/uuid/ae4f1eb6fce24adcb92ddca1a7838a5c	2
http://0.0.0.0:8000/uuid/4a85c0ef880e4f668cd4ec8e846855ef	2
http://0.0.0.0:8000/uuid/5b33180967d14c798ca44822b9f4682e	2
http://0.0.0.0:8000/uuid/511ec500aba04377ab96882788e5064a	2
http://0.0.0.0:8000/uuid/5f7bf2db89c74836a2412e16ce77efaa	2
http://0.0.0.0:8000/uuid/3982248dd440444ebee68e2ae64a0333	2
http://0.0.0.0:8000/uuid/5776217e2c2e4bd3b200165ce732bfbc	2
http://0.0.0.0:8000/uuid/8f6e1598372c058f07b0aeac2442366d	2
http://0.0.0.0:8000/uuid/2406ec006d9a38b9da6d381fd7c41a15	2
http://0.0.0.0:8000/uuid/cd85858285c8e59f7541c7fd6a0f8529	2
http://0.0.0.0:8000/uuid/0dc7d552eb674036800670241fa31dcf	2
http://0.0.0.0:8000/uuid/80399b9b1c56d454becef232d51b0fdf	2
http://0.0.0.0:8000/uuid/dbd451271eb04662beade68da43546e1	2
http://0.0.0.0:8000/uuid/863a47a6d8414b6982e1396c69a9efe8	2
http://0.0.0.0:8000/uuid/48c9cd8b8dd43490c8d786a28e9c1a44	2
http://0.0.0.0:8000/uuid/7ca95b35d9e378c10343f2730a880549	2
http://0.0.0.0:8000/uuid/da3139436f0743558900efc41cec070f	2
http://0.0.0.0:8000/uuid/7e76016a24f7435da11b026d966ec4bf	2
http://0.0.0.0:8000/uuid/ce289ace73a045fcb4fb90813f0db8e3	2
http://0.0.0.0:8000/uuid/5890110c9f806a2fb14f9030898def43	2
http://0.0.0.0:8000/uuid/7f85573628774e1bb9cd88d46d74b8c7	2
http://0.0.0.0:8000/uuid/c094d0290b9c08f9f23f6388eb4c7017	2
http://0.0.0.0:8000/uuid/7e0da77bd086457890820aa3411e63b2	2
http://0.0.0.0:8000/uuid/ded523bf23d59910e5d73f1703a2d540	2
http://0.0.0.0:8000/uuid/106eccb296d2729af8612541156a5f29	2
http://0.0.0.0:8000/uuid/1ece634706f14b02a7a0c67a2336cba9	2
http://0.0.0.0:8000/uuid/f5d48fb0372be25b737f92976e386f53	2
http://0.0.0.0:8000/uuid/b0e740cdd68b13f6462f6d5d1a68092e	2
http://0.0.0.0:8000/uuid/15f063840e74bb8c3bb60be7db1c44fd	2
http://0.0.0.0:8000/uuid/2e4c98d91a9237c128c0acbf3e11ce7f	2
http://0.0.0.0:8000/uuid/648246d2bdc7460b8159a8f9daee7844	2
http://0.0.0.0:8000/uuid/f8271364bd914ad09803191057dfcaae	2
http://0.0.0.0:8000/uuid/d3976d0f00a44b06940062588f3db20a	2
http://0.0.0.0:8000/uuid/753310df96fa4d9ca74dd33b19bdf330	2
http://0.0.0.0:8000/uuid/3729b3fbbb434930bf65d82f9b00111c	2
http://0.0.0.0:8000/uuid/c1e2240c353f8edeb98087e90e6d832e	2
http://0.0.0.0:8000/uuid/4a3929dd9f4ddcfbd0bd36a6ebc5a3cb	2
http://0.0.0.0:8000/uuid/2c2d7affc1b74e2ea7c7d3c74abd5354	2
http://0.0.0.0:8000/uuid/b918b02c3c2c55391f51e8465bd7621f	2
http://0.0.0.0:8000/uuid/040cb3e884180c635c82b464547ff08e	2
http://0.0.0.0:8000/uuid/3a8a94c3fa464d68b6d70df291afd457	2
http://0.0.0.0:8000/uuid/4065971a9c5a45e2b64d4dfcc2001e4d	2
http://0.0.0.0:8000/uuid/5bf40de9960d4e76b2eced9144eb2e74	2
http://0.0.0.0:8000/uuid/2dd32d52baae4ef898c1f71309a10fe7	2
http://0.0.0.0:8000/uuid/6596eeb3f895410caa726150ae8136d0	2
http://0.0.0.0:8000/uuid/c46248046f6ce34fc7660a36d9b10a71	2
http://0.0.0.0:8000/uuid/024837cf6b194ba5bb9224846decab73	2
http://0.0.0.0:8000/uuid/f26559a9daeae9e6740811d3b3113716	2
http://0.0.0.0:8000/uuid/33a39f647824bbd542c4ce9b88c9e9fd	2
http://0.0.0.0:8000/uuid/918e5a3bbedf42bb8c7c8e77540430b5	2
http://0.0.0.0:8000/uuid/9eba512621144dbaacda1ddb470f885b	2
http://0.0.0.0:8000/uuid/8aa71e3a6899480baea9d0f7e8e21239	2
http://0.0.0.0:8000/uuid/ed44f5b08980474c96526c61a65d21c7	2
http://0.0.0.0:8000/uuid/e5c5b7bf0a3a17a5e0ba7f64eebc2d6d	2
http://0.0.0.0:8000/uuid/314b6cc4d99a4bb79f79c7879ad2ef7f	2
http://0.0.0.0:8000/uuid/288e7f31d5ca03cca85e3309c632eeaa	2
http://0.0.0.0:8000/uuid/8b238dd2798940e2b0791bfe9b4ab6b0	2
http://0.0.0.0:8000/uuid/0cb1fdfbf52140b2b2177b0dc52ebca0	2
http://0.0.0.0:8000/uuid/e489099fb2844a1192036a6323238ef4	2
http://0.0.0.0:8000/uuid/4d6f884bf7cf46df8950b1b570fe8453	2
http://licences.ceda.ac.uk/image/data_access_condition/mst.pdf	2
http://0.0.0.0:8000/uuid/fbb4318b85e4b0a645ff3c707697b06b	2
http://0.0.0.0:8000/uuid/cb6893d2503e061a1d194915dc65bde8	2
http://0.0.0.0:8000/uuid/49fbc12a04274effafba6c19b2297879	2
http://0.0.0.0:8000/uuid/dec3e7638e7e491699480a5175fd56a5	2
http://0.0.0.0:8000/uuid/292da1ccfebd650f6d123e53270016a8	2
http://0.0.0.0:8000/uuid/c3f9945f1c1041f6a20b98940db27335	2
http://0.0.0.0:8000/uuid/fab73e7cb5004de8930d9643ac016c49	2
http://0.0.0.0:8000/uuid/facafa2ae494597166217a9121a62d3c	2
http://0.0.0.0:8000/uuid/1977a2db646c506d0fc31bca6c6c080e	2
http://0.0.0.0:8000/uuid/14f16b7ee7f24f3992e84c22dfb736ca	2
http://0.0.0.0:8000/uuid/e75e1e57932d4b95831fa7b56a2016e1	2
http://0.0.0.0:8000/uuid/3691983c2549432287e113d9d04d744c	2
http://0.0.0.0:8000/uuid/9c334fbe6d424a708cf3c4cf0c6a53f5	2
http://0.0.0.0:8000/uuid/a2ce888a0a8a8238b1621447e65d5a88	2
http://0.0.0.0:8000/uuid/14045c5fea1f4ef1872c91ffb83cd2c7	2
http://0.0.0.0:8000/uuid/61530f07d7356f5a74993645b107b5b0	2
http://0.0.0.0:8000/uuid/c498e38730dca65ac7a0bc197c3cf7a3	2
http://0.0.0.0:8000/uuid/31b3a89fad954ea4abd728b8cd917a9d	2
http://0.0.0.0:8000/uuid/9e8d1f472c454ceca12b59577d95049a	2
http://0.0.0.0:8000/uuid/99b29b4bfeae470599fb96243e90cde3	2
http://0.0.0.0:8000/uuid/bffd0262439a4ecb8fadf0134c4a4a41	2
http://0.0.0.0:8000/uuid/2e0bf0c18b7e44ba8815bc0b455ab959	2
http://0.0.0.0:8000/uuid/9f0eb1933ba946e9ba807c6e875a54cf	2
http://0.0.0.0:8000/uuid/f5b38d1654d84b03ba79060746541e4f	2
http://0.0.0.0:8000/uuid/1f850b0d4d6f4c4fbb59fdc5fe46307e	2
http://0.0.0.0:8000/uuid/267264a0036052fe71f5f25e384f0339	2
http://0.0.0.0:8000/uuid/4ecf905b988c4ad6860d03801dac3520	2
http://0.0.0.0:8000/uuid/21ef611e1d3e4f261cae9d22f019b796	2
http://0.0.0.0:8000/uuid/bea6b6bf17494ea3a0726740f5081095	2
http://0.0.0.0:8000/uuid/73ec447ea99457c77c0ef9692f76393f	2
http://0.0.0.0:8000/uuid/1a6507dfd2be4d07bf989a67319b196c	2
http://0.0.0.0:8000/uuid/1a3bba5cbc7643039678f8736ff46009	2
http://0.0.0.0:8000/uuid/8ec7ddba554844b4ad1a600ff2196e1c	2
http://0.0.0.0:8000/uuid/da4f36bbf485c74b3cee0e6315c737c8	2
http://0.0.0.0:8000/uuid/2479475049c143969520cf8ebb4bf6b3	2
http://0.0.0.0:8000/uuid/d8a5e58e59eb31620082dc4fd10158e2	2
http://0.0.0.0:8000/uuid/b33c68d2f8dd63f49a8829d93ab38ce6	2
http://0.0.0.0:8000/uuid/de74f2c86a51acc13b45806d85646512	2
http://0.0.0.0:8000/uuid/845971bcf1e40c306ec8d944f57aa3d4	2
http://0.0.0.0:8000/uuid/673306860624e93ec8b8fbca9b3eff7f	2
http://0.0.0.0:8000/uuid/e1a62eb3b39d4c5a9bdba05493e17f15	2
http://0.0.0.0:8000/uuid/c8d3946637b79669129ffbc5b29e50c5	2
http://0.0.0.0:8000/uuid/220f1c04ffe39af29233b78c2cf2699a	2
http://0.0.0.0:8000/uuid/56c03beb2e11472d87d547ea53c95f51	2
http://0.0.0.0:8000/uuid/6278b0a406d541ec7c2fb04654f37386	2
http://0.0.0.0:8000/uuid/e18c24b402fbaed061ab2f63e4f22669	2
http://0.0.0.0:8000/uuid/58268d53f02942fd9951bee50360b893	2
http://0.0.0.0:8000/uuid/b5f808ed6da80a2c022815dbab0d5429	2
http://0.0.0.0:8000/uuid/c978c7501016e731997be67bfaae73bc	2
http://0.0.0.0:8000/uuid/001b9640fdb1453aa95a222ba423580e	2
http://0.0.0.0:8000/uuid/e4ac04e7fa2541278ad4ad06fb4fd5f3	2
http://0.0.0.0:8000/uuid/67afe8bb533652ee15c37f5a6474ebbc	2
http://0.0.0.0:8000/uuid/2645674ed6e3bf14b40c3ecd0d1df7de	2
http://0.0.0.0:8000/uuid/78f23c539d304591b137cf986b69a525	2
http://0.0.0.0:8000/uuid/f0525f400d9849aca9610e8dc275d4b4	2
http://0.0.0.0:8000/uuid/10a35cc57d37c1da1657c1ca7856ec57	2
http://0.0.0.0:8000/uuid/01b606c523154f7693956e5e0f0a92f1	2
http://0.0.0.0:8000/uuid/e731614223bf470aa8510e64f2562ce1	2
http://0.0.0.0:8000/uuid/f579035b3c954475922e4b13705a7669	2
http://0.0.0.0:8000/uuid/8710d8ef8d73419990cbf551afe667a1	2
http://0.0.0.0:8000/uuid/7f35130cb8c947bf9013594aec6b3043	2
http://0.0.0.0:8000/uuid/81fb84c4b00640b7a3acb58346497977	2
http://0.0.0.0:8000/uuid/3b70e9db60ba40d399e8805f4bc70ebd	2
http://0.0.0.0:8000/uuid/fda780a7697f384010674ebb1d5e4f23	2
http://0.0.0.0:8000/uuid/ee7c166ff003674f195d58cca4e33839	2
http://0.0.0.0:8000/uuid/702f8b568911473c8800a6d5d48475d2	2
http://0.0.0.0:8000/uuid/942323240cf347d680e4c11d8641391c	2
https://artefacts.ceda.ac.uk/licences/specific_licences/NOAA%20Open%20Access%20Data.pdf	2
http://licences.ceda.ac.uk/image/data_access_condition/hadrm3-ppe-uk.pdf	2
http://licences.ceda.ac.uk/image/data_access_condition/avhrr-3.pdf	2
https://artefacts.ceda.ac.uk/licences/specific_licences/netatmo_licence.pdf	2
https://artefacts.ceda.ac.uk/licences/specific_licences/ukmo-wow_runcgl_licence.pdf	2
http://licences.ceda.ac.uk/image/data_access_condition/shac2000.pdf	2
http://0.0.0.0:8000/uuid/cc660aad3cb34f5cb1ff50db57f47653	2
http://licences.ceda.ac.uk/image/data_access_condition/hirdls.pdf	2
http://0.0.0.0:8000/uuid/cf7ae349d16c067cd00d3d2d910bee89	2
http://0.0.0.0:8000/uuid/4ce685bff631459fb2a30faa699f3fc5	2
http://0.0.0.0:8000/uuid/4289d20cf3681362e96850453df40e1d	2
http://0.0.0.0:8000/uuid/6ceb72ed91df42f69050a2a0fa18ea55	2
http://0.0.0.0:8000/uuid/a946415f9345f6da9bf4c475c19477b6	2
http://0.0.0.0:8000/uuid/2b592004cd664871be54d27519213e1c	2
http://0.0.0.0:8000/uuid/7d16b36360dd4ccc8e9110a116b2a401	2
http://0.0.0.0:8000/uuid/09c6bbdf1e869d0f9c1d21dc190c4df1	2
http://0.0.0.0:8000/uuid/737194814c394a899623d03bccc76df1	2
http://0.0.0.0:8000/uuid/19a2a820690fbc271fef38957dc3ca83	2
http://0.0.0.0:8000/uuid/f32672c33ad46d34b07657818b5bd184	2
http://licences.ceda.ac.uk/image/data_access_condition/MSF.pdf	2
http://0.0.0.0:8000/uuid/49304a80a55343aca2f147d0c60e5a65	2
http://0.0.0.0:8000/uuid/4b873c1918854f55b11ac0e5398aaa63	2
http://0.0.0.0:8000/uuid/7b497337061856b59927e936dd7a1bdb	2
http://0.0.0.0:8000/uuid/9ef0ebf847564c2eabe62cac4899ec41	2
http://0.0.0.0:8000/uuid/23443335e20d25df00ab67880b10c31c	2
http://0.0.0.0:8000/uuid/fe80982ca010869e0693b3076163397c	2
http://0.0.0.0:8000/uuid/9674fce8f90d4287bf8a3884ff595e4f	2
http://0.0.0.0:8000/uuid/06cef537c5b14a2e871a333b9bc0b482	2
http://0.0.0.0:8000/uuid/93aecb2607294e25bc4638adc800f8e7	2
http://0.0.0.0:8000/uuid/073f8569e646194752561c22b6f2785c	2
http://0.0.0.0:8000/uuid/34f4bbb2f9a5d80216862f9778aba609	2
http://0.0.0.0:8000/uuid/387ca240c6585dabd158a06b2ce4af4b	2
http://0.0.0.0:8000/uuid/57116a45a09847a68395c75362436e05	2
http://0.0.0.0:8000/uuid/45b332cd72c14fb3beddb4bf05077c97	2
http://0.0.0.0:8000/uuid/4c7521d40b014f11adb350db5e4df15f	2
http://0.0.0.0:8000/uuid/2867829ca7e04b97ac8279df6af2593a	2
http://0.0.0.0:8000/uuid/92c6e73f70b54c4ea8eae0389e09f24e	2
http://0.0.0.0:8000/uuid/69ad272b5fb60dd1c0361ed20bec341a	2
http://0.0.0.0:8000/uuid/b1495b19728a483a80293cc71b54cc24	2
http://0.0.0.0:8000/uuid/e9eb2767d2a69f76de28b12d154d4977	2
http://0.0.0.0:8000/uuid/4a9da084adf4252752e5fe77a5cfd0a9	2
http://0.0.0.0:8000/uuid/f2afaf808b61394b78bd342ff068c8cd	2
http://0.0.0.0:8000/uuid/bee98504340e9d5fe1de54699bb86f05	2
http://0.0.0.0:8000/uuid/2e05bd280e0d4b4ba85ad134a3f2c9e0	2
http://0.0.0.0:8000/uuid/8cf12c9d19db4797a7549c74cef6c03e	2
http://0.0.0.0:8000/uuid/f1a2fc3c120f400396a92f5de84d596a	2
http://0.0.0.0:8000/uuid/f1a4a1d1208244c682603502d554bc12	2
http://0.0.0.0:8000/uuid/28e3c9851c3144f9a0ea482f0ebef0af	2
http://0.0.0.0:8000/uuid/664832a9194f4246b2165142e1c69ecd	2
http://0.0.0.0:8000/uuid/67cf6375ca6349e78080652e87ad3175	2
http://0.0.0.0:8000/uuid/327e87e5123f4d20a1766dca366364b8	2
http://0.0.0.0:8000/uuid/7aab09ba913845b3b8aa87032cf6fd66	2
http://0.0.0.0:8000/uuid/d7bb874c638c40e797c3aaa6baffc65f	2
http://0.0.0.0:8000/uuid/3b1a86cc61824d78ce195dc21b661c74	2
http://0.0.0.0:8000/uuid/3a0012551e464e5b8b3bba3b41a7a60c	2
http://0.0.0.0:8000/uuid/b4d24b3df3754b9d9028447eb3cd89c6	2
http://0.0.0.0:8000/uuid/28d9ed89cc014aa08d094d0d061685b5	2
http://0.0.0.0:8000/uuid/1ae11ab1741c29c15ab58bbaeebc9550	2
http://0.0.0.0:8000/uuid/cdecaea11e59472b8800d5d938a3c8ee	2
http://0.0.0.0:8000/uuid/2f068226c7164a799cf202d1e7af07b2	2
http://0.0.0.0:8000/uuid/7e53d9bd279746029225667954764570	2
http://0.0.0.0:8000/uuid/4615367d18014d4d8f71d34d966d196f	2
http://0.0.0.0:8000/uuid/3f8944800cc48e1cbc29a5ee12d8542d	2
http://0.0.0.0:8000/uuid/0e99091596b34b3b846c40134937fe91	2
http://0.0.0.0:8000/uuid/fffdb393206747c8bdc2f2613b1f0f5e	2
http://0.0.0.0:8000/uuid/93e5b6707a814146a16e4b519789d7f5	2
http://0.0.0.0:8000/uuid/caa9f45738d34e4cb1208ae0d72b5e79	2
http://0.0.0.0:8000/uuid/c5f77b9eade060988ee9b067678aaabc	2
http://0.0.0.0:8000/uuid/d309a5ab60b04b6c82eca6d006350ae6	2
http://0.0.0.0:8000/uuid/6b71fed2cda829ade4dd61d0f2377d17	2
http://0.0.0.0:8000/uuid/41f061e11217e549a498971725e90520	2
http://0.0.0.0:8000/uuid/547ac2223f87202f27a19f8266ca4358	2
http://0.0.0.0:8000/uuid/07ee76aabd233fef64fae9abcc3d9415	2
http://0.0.0.0:8000/uuid/03b040a422a4b694a90252410613282e	2
http://0.0.0.0:8000/uuid/ffdb2eae199faa5de3be5838ea92dd96	2
http://0.0.0.0:8000/uuid/70f40e63092b4f2ab9c9860b7093db00	2
http://0.0.0.0:8000/uuid/bd8dc8fbc4034bde98b108079ee0ec55	2
http://0.0.0.0:8000/uuid/0a418abc19ee4700a49f9a86b519820f	2
http://0.0.0.0:8000/uuid/647f082b7818462984cd0a1ad2362191	2
http://0.0.0.0:8000/uuid/072fb80085e94f39b26b7b3d6fe1c127	2
http://0.0.0.0:8000/uuid/6ca226c9634e57437f204ad9c5be77e1	2
http://0.0.0.0:8000/uuid/4c244a3540ec4a0d82dd9d89c344f20a	2
http://0.0.0.0:8000/uuid/3a9c171d7f1c4441ba8ffb9c2c22b81e	2
http://0.0.0.0:8000/uuid/c115c8f8693346bbbcad373348a32367	2
http://0.0.0.0:8000/uuid/1356d1c3defd4055b9e289b57344a01f	2
http://0.0.0.0:8000/uuid/96410726603c455d8901ade773368c92	2
http://0.0.0.0:8000/uuid/85650f53d79a7fc71e2815c7a1ae89c6	2
http://0.0.0.0:8000/uuid/9c8c86ed78ae4836a336d45cbb6a757c	2
http://0.0.0.0:8000/uuid/99a628f510a7a67b928bbaea8d091911	2
http://0.0.0.0:8000/uuid/fb0a13f4a913daee7a93c393e6a67e79	2
http://0.0.0.0:8000/uuid/9cc6b94df0f4469d8066d69b5df879d5	2
http://0.0.0.0:8000/uuid/0508f3dd991144aa80346007a415fb07	2
http://0.0.0.0:8000/uuid/1115547829c14ed79c627ac53f426732	2
http://0.0.0.0:8000/uuid/cce5544fa3de49f989abb130bba76395	2
http://0.0.0.0:8000/uuid/3378c4a2059de4ca03dc397f057305fd	2
http://0.0.0.0:8000/uuid/82b29f96b8c94db28ecc51a479f8c9c6	2
http://0.0.0.0:8000/uuid/1b6d2c8917a64b3f84bdc8e6fe818c9a	2
http://0.0.0.0:8000/uuid/bfbd5ec825fa422f9a858b14ae7b2a0d	2
http://0.0.0.0:8000/uuid/ce0465bb7b7746a899f368d3c1a31649	2
http://0.0.0.0:8000/uuid/ec4926a38c0f4fb181f1e20eb93e0b64	2
http://0.0.0.0:8000/uuid/4dc8450d889a491ebb20e724debe2dfb	2
http://0.0.0.0:8000/uuid/8440933238f72f27762005c33d2aa278	2
http://0.0.0.0:8000/uuid/c8bd3f965b40dbc9a2f3b5c5611375d4	2
http://0.0.0.0:8000/uuid/d49440ea831142838f94fb2859197e08	2
http://0.0.0.0:8000/uuid/aad57a042c7f46ada0c36686c3455cec	2
http://0.0.0.0:8000/uuid/c1bc99904129e5a4403a66704f3c747d	2
http://0.0.0.0:8000/uuid/cee49a1f044b79d5413b7a0282467508	2
http://0.0.0.0:8000/uuid/9bd7918d540849f4ad7ac5724e4d8e14	2
http://0.0.0.0:8000/uuid/15ff073df2bb4332bcfc98251a40003d	2
http://0.0.0.0:8000/uuid/8225a350716d4670b18b97c53bc08ea8	2
http://0.0.0.0:8000/uuid/ec43ab35f09a4f4bacdb9b5adfe723aa	2
http://0.0.0.0:8000/uuid/bc7ec29506114a228efd4783ea15b2fd	2
http://0.0.0.0:8000/uuid/760c69e22dfd77d3d759ab53bfc33574	2
http://0.0.0.0:8000/uuid/153f0cb0d6d6c6c2c52015f6fb35a766	2
http://0.0.0.0:8000/uuid/4996e5b2f53ce0b1f2072adadaeda262	2
http://0.0.0.0:8000/uuid/a5fc25a8153148b9872f24ab889f64a9	2
http://0.0.0.0:8000/uuid/43346eb0a2e54ef2bfb544862b38b018	2
http://0.0.0.0:8000/uuid/44dfa95b7a2768c006b12fbb2f28799c	2
http://0.0.0.0:8000/uuid/65a7f71acfd09155c4d21a6491b834d6	2
http://0.0.0.0:8000/uuid/6947880b98d32e249a8638ebe768efd2	2
http://0.0.0.0:8000/uuid/0ce9f24ff8719cced7f407694466c2ed	2
http://0.0.0.0:8000/uuid/1f88068e86304b0fbd34456115b6606f	2
http://0.0.0.0:8000/uuid/43fdd19d25b44ec2a9176288d1085ef0	2
http://0.0.0.0:8000/uuid/e82a62d926d7448696a2b60c1925f811	2
http://0.0.0.0:8000/uuid/96e8b5074d724ec0b3486b2d49628876	2
https://artefacts.ceda.ac.uk/licences/specific_licences/USGS_Copyright_Policy.pdf	2
https://eidc.ceh.ac.uk/licences/future-flows-click-through/plain	2
https://eidc.ceh.ac.uk/licences/open-government-licence-ceh-ons/plain	2
https://eidc.ceh.ac.uk/licences/windermereFish/plain	2
https://eidc.ceh.ac.uk/administration-folder/tools/ceh-standard-licence-texts/wms/plain	2
https://eidc.ceh.ac.uk/licences/OGLtellus/plain	2
http://www.seadatanet.org/urnurl/SDN:L08::MO	2
http://www.seadatanet.org/urnurl/SDN:L08::SR	2
 	https://sg.geodatenzentrum.de/web_public/gdz/lizenz/geonutzv.pdf	2
https://creativecommons.org/licenses/by-nc-sa/4.0/	2
https://www.dcat-ap.de/def/licenses/	2
https://gis.uba.de/daten/GeoNutzV.pdf	2
https://www.gesetze-im-internet.de/urhg/__5.html	2
http://dcat-ap.de/def/licenses/odbl	2
https://www.porvoo.fi/asuminen-ymparisto/tontit-ja-rakentaminen/kartat-ja-paikkatiedot/julkaisuluvat/	2
http://creativecommons.org/licenses/	2
https://nationalarchives.gov.uk/doc/non-commercial-government-licence/version/2/	2
http://data.vorarlberg.gv.at/ogd/nutzungsbedingungen/nutzungsbedingungen.htm	2
https://resources.geodata.se/kodlistor/metadata/anvandningsrestriktioner.xml#CCby-sa4.0	3
https://resources.geodata.se/codelist/metadata/atkomstrestriktioner.xml#OmfattasAvSekretess	3
https://eidc.ceh.ac.uk/licences/OGLcorine/plain	3
https://eidc.ceh.ac.uk/licences/chesspe/plain	3
https://eidc.ceh.ac.uk/licences/lakes-ecology-click-through/plain	3
https://www.geolizenz.org	3
https://creativecommons.org/licenses/by-nd/4.0/deed.de	3
https://kartta.vihti.fi/Dokumentit/Ohjeet/OHJE_Vihti_Paikkatieto_Rajapintapalvelut_Kayttoonotto.pdf	3
https://www.nationalarchives.gov.uk/doc/non-commercial-government-licence/version/2/	3
http://resources.geodata.se/codelists/metadata/atkomstrestriktioner.xml#IngenBegransning	4
http://adelie.application.developpement-durable.gouv.fr/condition.do?convention=diffusion_public	4
http://licences.ceda.ac.uk/image/data_access_condition/bas.pdf	4
http://licences.ceda.ac.uk/image/data_access_condition/amps_antarctic.pdf	4
http://licences.ceda.ac.uk/image/data_access_condition/esacci_glaciers_terms_and_conditions.pdf	4
https://artefacts.ceda.ac.uk/licences/specific_licences/atsrubt.pdf	4
http://licences.ceda.ac.uk/image/data_access_condition/sciamachy.pdf	4
https://artefacts.ceda.ac.uk/licences/specific_licences/esacci_slbc_terms_and_conditions.pdf	4
http://licences.ceda.ac.uk/image/data_access_condition/meris.pdf	4
https://science.nasa.gov/earth-science/earth-science-data/data-information-policy/	4
http://licences.ceda.ac.uk/image/data_access_condition/avhrr_fasir.pdf	4
http://licences.ceda.ac.uk/image/data_access_condition/landsat7etm_conditions.pdf	4
http://licences.ceda.ac.uk/image/data_access_condition/langley.pdf	4
https://artefacts.ceda.ac.uk/licences/rugl_versions/rugl_v1-0.pdf	4
http://ndaccdemo.org/data/use-agreement	4
https://eidc.ceh.ac.uk/licences/historicSPIforIHU/plain	4
https://eidc.ceh.ac.uk/licences/chessmet/plain	4
https://eidc.ceh.ac.uk/licences/open-government-licence-ne/plain	4
https://eidc.ceh.ac.uk/licences/historic-SPI/plain	4
https://www.geodatenzentrum.de/docpdf/geonutzv.pdf	4
https://creativecommons.org/publicdomain/zero/1.0/deed.fi	4
https://www.nationalarchives.gov.uk/doc/non-commercial-government-licence	4
https://ext-geodatakatalog-forv.lansstyrelsen.se/GeodataKatalogen/codelist/metadata/anvandningsrestriktioner.xml#CCby-sa4.0	5
https://eidc.ceh.ac.uk/licences/pike/plain	5
https://eidc.ceh.ac.uk/licences/integrated-hydrological-units/plain	5
https://creativecommons.org/licenses/by-nc-nd/4.0/deed.de	5
https://www.ruokavirasto.fi/tietoa-meista/avointieto/inspire/	5
https://www.tuusula.fi/sivu.tmpl?sivu_id=9233	5
http://gde.metagis.se/metadata-codelist/useConstraints.xml#IngaBegransningar	6
https://ext-geodatakatalog-forv.lansstyrelsen.se/GeodataKatalogen/codelist/metadata/atkomstrestriktioner.xml#Personuppgifter	6
https://ext-geodatakatalog-forv.lansstyrelsen.se/GeodataKatalogen/codelist/metadata/atkomstrestriktioner.xml#InnehallerPersonUppgifterEjKansliga	6
http://licences.ceda.ac.uk/image/data_access_condition/esacci_landcover_terms_and_conditions.pdf	6
http://artefacts.ceda.ac.uk/licences/rugl	6
http://licences.ceda.ac.uk/image/data_access_condition/esasar.pdf	6
http://artefacts.ceda.ac.uk/licences/specific_licences/esacci_biomass_terms_and_conditions.pdf	6
http://licences.ceda.ac.uk/image/data_access_condition/higem.pdf	6
http://licences.ceda.ac.uk/image/data_access_condition/cmip3_ukmo.pdf	6
http://www.esds.ac.uk/orderingdata/termsandConditions.asp	6
https://eidc.ceh.ac.uk/licences/lakesEcology/plain	6
https://www.openstreetmap.org/copyright	6
https://www.bmwi.de/Redaktion/DE/Downloads/G/geolizenz-v1-4-open.pdf	6
http://tupa.gtk.fi/paikkatieto/lisenssi/emodnet_licence.pdf	6
http://inspire.ec.europa.eu/metadata-codelist/ ConditionsApplyingToAccessAndUse/noConditionsApply	7
http://resources.geodata.se/codelists/metadata/atkomstrestriktioner.xml#	7
https://resources.geodata.se/codelist/metadata/atkomstrestriktioner.xml#AnnanBegransning	7
http://licences.ceda.ac.uk/image/data_access_condition/eucleia_conditions.pdf	8
https://www.eumetsat.int/eumetsat-data-licensing	8
http://licences.ceda.ac.uk/image/data_access_condition/mipas.pdf	8
http://www.opendefinition.org/licenses/odc-odbl	8
https://eidc.ceh.ac.uk/licences/watch-click-through/plain	8
https://creativecommons.org/licenses/by/4.0/legalcode.de	8
http://inspire.ec.europa.eu/metadata-codelist/LimitationsOnPublicAccess/INSPIRE_Directive_Article13_1f	8
http://dcat-ap.de/def/licenses/other-open	8
https://creativecommons.org/licenses/by-nc/	8
https://www.opendefinition.org/licenses/odc-odbl	8
https://www.wsv.de/service/karten_geoinformationen/downloads/geonutzv.pdf	8
https://www.ouka.fi/oulu/kadut-kartat-ja-liikenne/aineistojen-luovutusehdot	8
https://resources.geodata.se/codelist/metadata/atkomstrestriktioner.xml#Personuppgifter	9
https://resources.geodata.se/kodlistor/metadata/anvandningsrestriktioner.xml#CCby4.0	9
https://eidc.ceh.ac.uk/licences/relu-data-licence/plain	9
http://www.seadatanet.org/urnurl/SDN:L08::RS	9
https://paikkatieto.jamsa.fi/lisenssi/avoindatalisenssi.html	9
https://artefacts.ceda.ac.uk/licences/specific_licences/esacci_lakes_terms_and_conditions_v2.pdf	10
http://licences.ceda.ac.uk/image/data_access_condition/badc.pdf	10
http://licences.ceda.ac.uk/image/data_access_condition/cwave.pdf	10
https://creativecommons.org/licenses/by-nc/3.0/de/	10
https://www.nationalarchives.gov.uk/doc/open-government-licence/version/3/	10
https://resources.geodata.se/codelist/metadata/atkomstrestriktioner.xml#ImmateriellaRattigheter	11
https://inspire.bev.gv.at/GeoServer	11
https://www.ust.is/	12
http://licences.ceda.ac.uk/image/data_access_condition/esacci_cloud_terms_and_conditions_v2.pdf	12
https://artefacts.ceda.ac.uk/licences/specific_licences/esacci_salinity_terms_and_conditions.pdf	12
http://artefacts.ceda.ac.uk/licences/cugl_versions/cugl_v1-0.pdf	12
https://creativecommons.org/licenses/by-nc-nd/3.0/de/	13
http://licences.ceda.ac.uk/image/data_access_condition/esacci_sst_terms_and_conditions.pdf	14
http://dcat-ap.de/def/licenses/cc-by-nc/4.0	14
https://opendata.swiss/en/terms-of-use/#terms_by	14
http://licences.ceda.ac.uk/image/data_access_condition/mtci.pdf	16
http://licences.ceda.ac.uk/image/data_access_condition/nextmap_eula.pdf	16
http://licences.ceda.ac.uk/image/data_access_condition/ecmwf_op_agreement.pdf	16
https://artefacts.ceda.ac.uk/licences/specific_licences/esacci_watervapour_terms_and_conditions.pdf	16
http://licences.ceda.ac.uk/image/data_access_condition/esacci_icesheets_antarctic_terms_and_conditions.pdf	16
http://licences.ceda.ac.uk/image/data_access_condition/ebl.pdf	16
https://artefacts.ceda.ac.uk/licences/specific_licences/esacci_permafrost_terms_and_conditions.pdf	18
http://inspire.ec.europa.eu/metadata-codelist/LimitationsOnPublicAccess/INSPIRE_Directive_Article13_1b	19
https://creativecommons.org/licenses/by-sa/4.0/	19
http://www.seadatanet.org/urnurl/SDN:L08::LS	19
http://licences.ceda.ac.uk/image/data_access_condition/ncaveo_lcm2000.pdf	20
http://artefacts.ceda.ac.uk/licences/specific_licences/esacci_snow_terms_and_conditions.pdf	20
http://licences.ceda.ac.uk/image/data_access_condition/esacci_sealevel_terms_and_conditions.pdf	20
https://eidc.ceh.ac.uk/licences/ecn/plain	20
https://ads.atmosphere.copernicus.eu/api/v2/terms/static/licence-to-use-copernicus-products.pdf	21
	21
http://licences.ceda.ac.uk/image/data_access_condition/esacci_ozone_terms_and_conditions.pdf	22
http://dcat-ap.de/def/licenses/dl-by-de/2.0	22
http://www.daten-deutschland.de/bibliothek/Datenlizenz_Deutschland/dl-de-by-nc-1.0	23
http://licences.ceda.ac.uk/image/data_access_condition/gauge_data.pdf	24
https://eidc.ceh.ac.uk/licences/ogl-ukbms/plain	24
https://eidc.ceh.ac.uk/licences/ukbms-click-through/plain	24
https://www.gesetze-im-internet.de/geonutzv/GeoNutzV.pdf	24
http://resources.geodata.se/kodlistor/metadata/anvandningsrestriktioner.xml#CC01.0	25
http://creativecommons.org/publicdomain/zero/1.0/	27
https://ext-geodatakatalog-forv.lansstyrelsen.se/GeodataKatalogen/codelist/metadata/atkomstrestriktioner.xml#IngaBegransningar	28
http://licences.ceda.ac.uk/image/data_access_condition/quest.pdf	28
http://dcat-ap.de/def/licenses/cc-by/4.0	28
http://creativecommons.org/licenses/by-sa/4.0/deed.de	28
http://inspire.ec.europa.eu/registry/metadata-codelist/ConditionsApplyingToAccessAndUse/noConditionsApply	29
http://dcat-ap.de/def/licenses/other-closed	29
http://licences.ceda.ac.uk/image/data_access_condition/APHH-Delhi-conditions.pdf	30
http://creativecommons.org/licenses/by-sa/4.0/	30
https://gde.metagis.se/metadata-codelist/useConstraints.xml#IngaBegransningar	31
http://licences.ceda.ac.uk/image/data_access_condition/sage3.pdf	31
https://artefacts.ceda.ac.uk/licences/specific_licences/esacci_sst_terms_and_conditions_v2.pdf	32
http://licences.ceda.ac.uk/image/data_access_condition/esacci_seaice_terms_and_conditions.pdf	32
https://artefacts.ceda.ac.uk/licences/specific_licences/esacci_lst_terms_and_conditions.pdf	32
https://eosweb.larc.nasa.gov/citing-asdc-data	34
http://licences.ceda.ac.uk/image/data_access_condition/esacci_fire_terms_and_conditions.pdf	34
https://eidc.ceh.ac.uk/licences/CS/plain	34
http://inspire.ec.europa.eu/metadata-codelist/LimitationsOnPublicAccess/INSPIRE_Directive_Article13_1h	35
https://creativecommons.org/licenses/by/3.0/	35
https://eidc.ceh.ac.uk/licences/wms/plain	41
http://licences.ceda.ac.uk/image/data_access_condition/landmap.pdf	42
https://opendatacommons.org/licenses/dbcl/1.0/	42
https://eidc.ceh.ac.uk/licences/standard-click-through/plain	43
https://artefacts.ceda.ac.uk/licences/specific_licences/sa-monsoon.pdf	44
http://licences.ceda.ac.uk/image/data_access_condition/cmip3.pdf	44
https://ext-geodatakatalog-forv.lansstyrelsen.se/GeodataKatalogen/codelist/metadata/anvandningsrestriktioner.xml#CCby4.0	45
http://creativecommons.org/licenses/by/3.0/	46
http://inspire.ec.europa.eu/metadata-codelist/LimitationsOnPublicAccess/INSPIRE_Directive_Article13_1a	47
https://creativecommons.org/licenses/by-nd/4.0/	47
https://ext-geodatakatalog-forv.lansstyrelsen.se/GeodataKatalogen/codelist/metadata/atkomstrestriktioner.xml#ImmateriellaRattigheterUpphovsratt	48
http://licences.ceda.ac.uk/image/data_access_condition/aatsr_multimission.pdf	48
https://resources.geodata.se/codelists/metadata/atkomstrestriktioner.xml#	50
http://licences.ceda.ac.uk/image/data_access_condition/esacci_cloud_terms_and_conditions.pdf	50
https://sentinel.esa.int/documents/247904/690755/Sentinel_Data_Legal_Notice	50
https://resources.geodata.se/codelist/metadata/anvandningsrestriktioner.xml#AnnanBegransning	53
http://www.geodatenzentrum.de/docpdf/geonutzv.pdf	56
https://modaps.modaps.eosdis.nasa.gov/services/faq/LAADS_Data-Use_Citation_Policies.pdf	60
https://creativecommons.org/licenses/by-nc/4.0/	61
http://www.nationalarchives.gov.uk/doc/non-commercial-government-licence/version/2/	63
https://artefacts.ceda.ac.uk/licences/specific_licences/esacci_ghg_terms_and_conditions.pdf	69
https://eidc.ceh.ac.uk/licences/lcm-raster/plain	71
https://resources.geodata.se/codelists/metadata/atkomstrestriktioner.xml#IngenBegransning	72
http://licences.ceda.ac.uk/image/data_access_condition/ccmval_ps.pdf	75
https://ext-geodatakatalog-forv.lansstyrelsen.se/GeodataKatalogen/codelist/metadata/anvandningsrestriktioner.xml#CC01.0	77
http://artefacts.ceda.ac.uk/licences/specific_licences/esacci_soilmoisture_terms_and_conditions.pdf	78
http://licences.ceda.ac.uk/image/data_access_condition/esacci_aerosol_terms_and_conditions.pdf	92
https://resources.geodata.se/codelist/metadata/anvandningsrestriktioner.xml#licensBehovs	97
https://resources.geodata.se/codelist/metadata/anvandningsrestriktioner.xml#CC01.0	104
https://resources.geodata.se/codelist/metadata/anvandningsrestriktioner.xml#CCby4.0	108
https://resources.geodata.se/codelist/metadata/atkomstrestriktioner.xml#IngaBegransningar	118
http://dcat-ap.de/def/licenses/dl-zero-de/2.0	120
http://licences.ceda.ac.uk/image/data_access_condition/esacci_oc_terms_and_conditions.pdf	131
http://licences.ceda.ac.uk/image/data_access_condition/esacci_icesheets_greenland_terms_and_conditions.pdf	134
https://resources.geodata.se/codelist/metadata/atkomstrestriktioner.xml#ImmateriellaRattigheterUpphovsratt	138
https://sg.geodatenzentrum.de/web_public/gdz/lizenz/geonutzv.pdf	140
http://creativecommons.org/licenses/by-nd/3.0/deed.de	144
http://licences.ceda.ac.uk/image/data_access_condition/msg.pdf	154
https://inspire.ec.europa.eu/metadata-codelist/LimitationsOnPublicAccess/noLimitations	157
http://www.nationalarchives.gov.uk/doc/open-government-licence/	163
http://www.gesetze-im-internet.de/bundesrecht/geonutzv/gesamt.pdf	166
http://licences.ceda.ac.uk/image/data_access_condition/ecmwf-era-products.pdf	172
https://www.opendefinition.org/licenses/cc-by-sa	182
http://www.govdata.de/dl-de/by-2-0	209
https://www.geoportal.lt/geoportal/en/web/en/general-conditions-for-the-use-of-spatial-data	218
https://catalogue.ceda.ac.uk	230
http://creativecommons.org/licenses/by-sa/3.0/deed.de	233
https://creativecommons.org/licenses/by/4.0/deed.de	243
http://resources.geodata.se/codelist/metadata/anvandningsrestriktioner.xml#CC01.0	353
https://resources.geodata.se/codelist/metadata/atkomstrestriktioner.xml#IngenBegransning	390
https://creativecommons.org/licenses/by/3.0/de/	395
https://www.opendefinition.org/licenses/cc-by	442
http://opendatacommons.org/licenses/odbl/1.0/	508
http://creativecommons.org/licenses/by/3.0/deed.de	517
http://licences.ceda.ac.uk/image/data_access_condition/ukmo_agreement.pdf	679
https://artefacts.ceda.ac.uk/licences/cuncgl	876
http://inspire.ec.europa.eu/metadata-codelist/LimitationsOnPublicAccess/INSPIRE_Directive_Article13_1e	903
http://inspire.ec.europa.eu/metadata-codelist/LimitationsOnPublicAccess/INSPIRE_Directive_Article13_1g	998
http://inspire.ec.europa.eu/metadata-codelist/LimitationsOnPublicAccess/NoLimitations	1027
https://www.govdata.de/dl-de/by-2-0 	1035
http://inspire.ec.europa.eu/metadata-codelist/LimitationsOnPublicAccess/INSPIRE_Directive_Article13_1d	1219
https://eidc.ceh.ac.uk/licences/OGL/plain	1278
http://www.seadatanet.org/urnurl/SDN:L08::UN	1414
https://creativecommons.org/licenses/by/4.0/	1855
http://licences.ceda.ac.uk/image/data_access_condition/faam_core.pdf	2218
http://licences.ceda.ac.uk/image/data_access_condition/cmip5_open.pdf	2382
http://artefacts.ceda.ac.uk/licences/specific_licences/CMIP6_Terms_of_Use.pdf	2993
http://creativecommons.org/licenses/by/3.0/de/	3074
https://inspire.ec.europa.eu/metadata-codelist/LimitationsOnPublicAccess/INSPIRE_Directive_Article13_1e	4179
http://creativecommons.org/licenses/by-nc-nd/3.0/de/	4293
http://www.nationalarchives.gov.uk/doc/open-government-licence/version/3/	4378
http://creativecommons.org/licenses/by-nc/3.0/de/	6480
http://inspire.ec.europa.eu/metadata-codelist/ConditionsApplyingToAccessAndUse/noConditionsApply	7741
http://inspire.ec.europa.eu/metadata-codelist/ConditionsApplyingToAccessAndUse/conditionsUnknown	9769
https://www.govdata.de/dl-de/zero-2-0	18706
https://www.govdata.de/dl-de/by-2-0	37991
http://creativecommons.org/licenses/by/4.0/	65382
http://inspire.ec.europa.eu/metadata-codelist/LimitationsOnPublicAccess/noLimitations	73838
