text	count	id
cc-by	435431	cc-by
http://www.opendefinition.org/licenses/cc-by	401627	cc-by
Creative Commons Attribution	392088	cc-by
None	388398	unspecified
None	365983	unspecified
dl-de-by-2.0	199988	dl-de-by-2.0
http://www.govdata.de/dl-de/by-2-0	196468	dl-de-by-2.0
Datenlizenz Deutschland - Namensnennung - 2.0	196426	dl-de-by-2.0
notspecified	127452	unspecified
License not specified	121390	unspecified
	104407	unspecified
	104407	unspecified
http://creativecommons.org/licenses/by/4.0/	65382	cc-by
Creative Commons Namensnennung – 4.0 International (CC BY 4.0)	64707	cc-by
Für die Nutzung der Daten ist die Creative Commons (CC BY 4.0) – Namensnennung 4.0 International anzuwenden. Die Lizenz ist über http://creativecommons.org/licenses/by/4.0 abrufbar. Der Quellenvermerk lautet "© GeoBasis-DE/LVermGeo SH/CC BY 4.0"	64667	cc-by
https://creativecommons.org/licenses/by/4.0/	61151	cc-by
uk-ogl	55694	uk-ogl
http://reference.data.gov.uk/id/open-government-licence	53970	uk-ogl
UK Open Government Licence (OGL)	53969	uk-ogl
CC-BY-SA-4.0	53418	cc-by-sa
https://creativecommons.org/licenses/by-sa/4.0/	52552	cc-by-sa
Creative Commons Attribution Share-Alike 4.0	51164	cc-by-sa
CC-BY-4.0	47161	cc-by
Non-Commercial Government Licence for public sector information	42616	uk-ncgl
uk-ncgl	42616	uk-ncgl
http://www.nationalarchives.gov.uk/doc/non-commercial-government-licence/non-commercial-government-licence.htm	42616	uk-ncgl
odc-by	40407	odc-by
http://www.opendefinition.org/licenses/odc-by	40389	odc-by
Open Data Commons Attribution License	39156	odc-by
https://www.govdata.de/dl-de/by-2-0	37991	dl-de-by-2.0
Creative Commons Attribution 4.0	37891	cc-by
Creative Commons Namensnennung 4.0 International	37307	cc-by
cc-by-40	37307	cc-by
https://creativecommons.org/licenses/by/4.0/deed.de	36886	cc-by
Creative Commons Attribution 4.0 International	31924	cc-by
Creative Commons Attribution 4.0 International Licence	30052	cc-by
Datenlizenz Deutschland Namensnennung 2.0	28376	dl-de-by-2.0
Open Government Licence - Canada	28102	ogl-canada-2.0
cc-by-sa	24935	cc-by-sa
Creative Commons Attribuzione 4.0 Internazionale (CC BY 4.0)	21380	cc-by
Creative Commons Attribuzione 4.0 Internazionale (CC BY 4.0)	21380	cc-by
Licence Ouverte / Open Licence Version 2.0  https://www.etalab.gouv.fr/wp-content/uploads/2017/04/ETALAB-Licence-Ouverte-v2.0.pdf	21069	etalab-2.0
http://open.canada.ca/en/open-government-licence-canada	20583	ogl-canada-2.0
https://www.govdata.de/dl-de/zero-2-0	18706	dl-de-zero-2.0
	18667	unspecified
Datenlizenz Deutschland – Zero – Version 2.0	17737	dl-de-zero-2.0
n/a	15066	unspecified
Licence Ouverte 1.0 http://www.data.gouv.fr/Licence-Ouverte-Open-Licence.	14560	etalab
cc-nc	14328	cc-nc
http://creativecommons.org/licenses/by-nc/2.0/	14106	cc-by-nc
cc-zero	13887	cc-zero
http://www.opendefinition.org/licenses/cc-zero	12969	cc-zero
Creative Commons CCZero	12767	cc-zero
None	12403	unspecified
Datenlizenz Deutschland - Namensnennung - Version 2.0	12129	dl-de-zero-2.0
us-pd	11814	us-pd
us-pd	11814	us-pd
None	11099	unspecified
https://www.etalab.gouv.fr/wp-content/uploads/2017/04/ETALAB-Licence-Ouverte-v2.0.pdf	10854	etalab-2.0
Licence Ouverte v2.0 (Etalab)	9964	etalab-2.0
http://creativecommons.org/licenses/by-sa/4.0/	9846	cc-by-sa
http://inspire.ec.europa.eu/metadata-codelist/ConditionsApplyingToAccessAndUse/conditionsUnknown	9769	unspecified
odc-odbl	9264	odc-odbl
http://www.opendefinition.org/licenses/odc-odbl	8945	odc-odbl
None	8779	unspecified
Creative Commons Attribution International	8344	cc-by
Creative Commons Attribution 3.0 New Zealand	8332	cc-by
CC-BY-NZ-3.0	8332	cc-by
https://creativecommons.org/licenses/by/3.0/nz/	8332	cc-by
Open Data Commons Open Database License (ODbL)	8119	odc-odbl
cc-by-sa	8084	cc-by-sa
cc-by-4.0	7985	cc-by
https://creativecommons.org/licenses/by/4.0/	7535	cc-by
https://creativecommons.org/licenses/by/4.0/	7535	cc-by
https://open.canada.ca/en/open-government-licence-canada	7510	ogl-canada-2.0
other-pd	7192	public-domain
http://www.usa.gov/publicdomain/label/1.0/	7143	us-pd
CC-BY (4.0)	7104	cc-by
http://creativecommons.org/licenses/by/4.0/deed.nl	7104	cc-by
http://creativecommons.org/licenses/by/4.0/deed.nl	7104	cc-by
Other (Public Domain)	7036	public-domain
http://creativecommons.org/licenses/by-nc/3.0/de/	6480	cc-by-nc
Creative Commons: Namensnennung - Keine kommerzielle Nutzung 3.0 Deutschland	6460	cc-by-nc
http://creativecommons.org/licenses/by/4.0/deed.it	6421	cc-by
The copyright of materials derived from the British Geological Survey's work is vested in the Natural Environment Research Council [NERC]. No part of this work may be reproduced or transmitted in any form or by any means, or stored in a retrieval system of any nature, without the prior permission of the copyright holder, via the BGS Intellectual Property Rights Manager. Use by customers of information provided by the BGS, is at the customer's own risk. In view of the disparate sources of information at BGS's disposal, including such material donated to BGS, that BGS accepts in good faith as being accurate, the Natural Environment Research Council (NERC) gives no warranty, expressed or implied, as to the quality or accuracy of the information supplied, or to the information's suitability for any use. NERC/BGS accepts no liability whatever in respect of loss, damage, injury or other occurence however caused.	6282	odc-pddl
http://www.opendefinition.org/licenses/odc-pddl	6104	odc-pddl
odc-pddl	6103	odc-pddl
https://www.etalab.gouv.fr/wp-content/uploads/2014/05/Licence_Ouverte.pdf	5840	etalab
http://www.opendefinition.org/licenses/cc-by-sa	5830	cc-by-sa
Creative Commons Attribution Share-Alike	5811	cc-by-sa
Lizenz: dl-de-zero-2.0 - Datenlizenz Deutschland – Zero – Version 2.0 - https://www.govdata.de/dl-de/zero-2-0	5780	dl-de-zero-2.0
http://creativecommons.org/licenses/by/4.0	5729	cc-by
CC-BY-4.0	5645	cc-by
Nutzungsbedingungen: (c) Statistisches Bundesamt, Wiesbaden 2023, Genesis-Online; Datenlizenz by-2-0	5525	dl-de-by-2.0
CC BY 4.0	5482	cc-by
CC BY 4.0	5481	cc-by
License Not Specified	5192	unspecified
CC0-1.0	4976	cc-zero
http://creativecommons.org/licenses/by/4.0	4666	cc-by
Open Data Commons Public Domain Dedication and Licence (PDDL)	4638	odc-pddl
http://creativecommons.org/licenses/by/2.5/au/	4588	cc-by
Open Database License (ODC-ODbL)	4491	odc-odbl
hdx-odc-odbl	4491	odc-odbl
Creative Commons: Namensnennung - Keine kommerzielle Nutzung - Keine Bearbeitungen 3.0 Deutschland	4306	cc-by
Licence Ouverte (Etalab)	4298	etalab
http://creativecommons.org/licenses/by-nc-nd/3.0/de/	4293	cc-nc-nd
CC-0 (1.0)	4190	cc-zero
http://creativecommons.org/publicdomain/zero/1.0/deed.nl	4190	cc-zero
http://creativecommons.org/publicdomain/zero/1.0/deed.nl	4190	cc-zero
Italian Open Data License 2.0 (IODL 2.0)	4048	iodl-2.0
Italian Open Data License 2.0 (IODL 2.0)	4048	iodl-2.0
lov2	3947	etalab-2.0
http://creativecommons.org/publicdomain/zero/1.0/legalcode	3899	cc-zero
https://creativecommons.org/licenses/by/4.0/	3803	cc-by
unspecified	3801	unspecified
unspecified	3801	unspecified
fr-lo	3730	etalab
Open Database License (ODbL)	3707	odc-odbl
Creative Commons CC0 1.0 Universale - Public Domain Dedication (CC0 1.0)	3686	cc-zero
Creative Commons CC0 1.0 Universale - Public Domain Dedication (CC0 1.0)	3686	cc-zero
cc-by-4.0	3618	cc-by
iodl2	3496	iodl-2.0
iodl2	3496	iodl-2.0
CC0-1.0	3492	cc-zero
kostenfreie Nutzung der Daten ist nur für interne Zwecke erlaubt. - Lizenz: dl-de-zero-2.0 - Datenlizenz Deutschland – Zero – Version 2.0 - https://www.govdata.de/dl-de/zero-2-0	3476	dl-de-zero-2.0
http://opendatacommons.org/licenses/odbl/	3455	odc-odbl
https://www.govdata.de/dl-de/by-2-0	3342	dl-de-by-2.0
Creative Commons Non-Commercial (Any)	3328	cc-nc
Creative Commons Attribution for Intergovernmental Organisations	3303	cc-by
cc-by-igo	3303	cc-by
http://creativecommons.org/licenses/by/3.0/igo/legalcode	3303	cc-by
Publiek domein	3292	public-domain
http://creativecommons.org/publicdomain/mark/1.0/deed.nl	3292	public-domain
http://creativecommons.org/publicdomain/mark/1.0/deed.nl	3292	public-domain
Creative Commons: Namensnennung 3.0 Deutschland	3263	cc-by
http://creativecommons.org/licenses/by/3.0/au/	3149	cc-by
http://creativecommons.org/licenses/by/3.0/de/	3074	cc-by
 Datenlizenz Deutschland - Namensnennung - Version 2.0 	3032	dl-de-by-2.0
License IODL v2.0	2935	iodl-2.0
License IODL v2.0	2935	iodl-2.0
https://www.govdata.de/dl-de/zero-2-0	2931	dl-de-zero-2.0
Datenlizenz Deutschland – Zero – Version 2.0	2925	dl-de-zero-2.0
No licence	2833	unspecified
/nolicence	2833	unspecified
Lizenz: cc-by-3.0 - Creative Commons: Namensnennung 3.0 Deutschland - http://creativecommons.org/licenses/by/3.0/de/	2813	cc-by
Creative Commons Attribution 3.0 Australia	2805	cc-by
Licence Ouverte / Open Licence Version 2.0 https://www.etalab.gouv.fr/licence-ouverte-open-licence	2769	etalab-2.0
CC-BY-2.5-AU	2720	cc-by
Creative Commons Attribution 2.5 Australia (CC BY 2.5 AU)	2715	cc-by
This material is licensed under a Creative Commons Attribution 3.0 New Zealand (CC BY 3.0) Licence. For more details visit http://creativecommons.org/licenses/by/3.0/nz. Where the data are used in a figure GNS Science requests attribution in the following manner: (C) GNS Science 2012. Where reference to the data is to be included in a Reference List the following citation is suggested: QMAP seamless digital data 2012. Geological Map of New Zealand 1:250 000. Lower Hutt, New Zealand. GNS Science.	2688	cc-by
Creative Commons Attribution 4.0 International (CC BY 4.0) Licence (https://creativecommons.org/licenses/by/4.0/).	2672	cc-by
dl-de-zero-2.0	2617	dl-de-zero-2.0
cc-by-4	2573	cc-by
License not specified	2426	unspecified
Datenlizenz Deutschland Namensnennung Version 2.0	2367	dl-de-by-2.0
CC-BY-SA-4.0	2328	cc-by-sa
Dieser Datensatz kann gemäß der "Datenlizenz Deutschland – Zero – Version 2.0" (https://www.govdata.de/dl-de/zero-2-0) genutzt werden.	2204	dl-de-zero-2.0
	2111	unspecified
CC BY	2099	cc-by
http://opendefinition.org/licenses/odc-odbl/	2097	odc-odbl
https://creativecommons.org/licenses/by/4.0/	2000	cc-by
Creative Commons Attribution-NonCommercial-ShareAlike 3.0 IGO	1997	cc-by-nc-sa
CC-BY-NC-SA-3.0-IGO	1997	cc-by
https://creativecommons.org/licenses/by-nc-sa/3.0/igo	1997	cc-by-sa-nc
http://creativecommons.org/licenses/by/4.0/	1983	cc-by
Creative Commons Attribution 2.5 Australia	1878	cc-by
cc-by-2.5	1873	cc-by
https://creativecommons.org/licenses/by/4.0/	1855	cc-by
https://creativecommons.org/licenses/by/3.0/at/deed.de	1820	cc-by
Lizenz: cc-nc-3.0 - Creative Commons: Namensnennung - Keine kommerzielle Nutzung 3.0 Deutschland - http://creativecommons.org/licenses/by-nc/3.0/de/	1818	cc-by
CC BY 4.0	1806	cc-by
Creative Commons Attribution 4.0 International License	1801	cc-by
These data may be redistributed and used without restriction.	1799	public-domain
                (https://www.govdata.de/dl-de/by-2-0) genutzt werden.	1768	dl-de-by-2.0
http://creativecommons.org/licenses/by/4.0/	1760	cc-by
CC BY-NC 4.0	1759	cc-by-nc
CC BY-NC 4.0	1759	cc-by-nc
dl-by-de/2.0	1757	dl-de-by-2.0
dl-by-de/2.0	1757	dl-de-by-2.0
notspecified	1753	unspecified
Licence Ouverte Version 2.0	1706	etalab-2.0
lov2	1706	etalab-2.0
https://www.etalab.gouv.fr/licence-ouverte-open-licence	1706	etalab
Creative Commons Attribution (CC-BY)	1699	cc-by
CC0 1.0	1655	cc-zero
Das Anschauen ("Viewing") in der Online-Anwendung des Geoportal.rlp ist kostenfrei. Die kommerzielle Nutzung ohne vertragliche Grundlage mit der Verbandsgemeindeverwaltung Alzey-Land bzw. der plangebenden Ortsgemeinde ist ausdrücklich ausgeschlossen. Eine systematische Nutzung des Produktes, welche darauf ausgerichtet ist, einen Sekundärdatenbestand zu erstellen, ist ausdrücklich untersagt. Die Nutzung der Daten aus der Onlineanwendung heraus für private Zwecke erfolgt auf eigenes Risiko. Rechtlich verbindlich sind ausschließlich die Originalpläne, die in den Räumen der Verbandsgemeindeverwaltung Alzey-Land eingesehen werden können. Bitte nehmen Sie dazu Kontakt mit dem Fachbereich II -Bauen und Umwelt- Herrn Baro oder Frau Rüttiger, Verbandsgemeindeverwaltung Alzey-Land auf (06731 409 211 oder -213 oder E-Mail: baro.axel@alzey-land.de/ ruettiger.heike@alzey-land.de).  - Lizenz: cc-by-nc-nd-3.0 - Creative Commons: Namensnennung - Keine kommerzielle Nutzung - Keine Bearbeitungen 3.0 Deutschland - http://creativecommons.org/licenses/by-nc-nd/3.0/de/	1644	cc-by-nc-nd
Data is made available under a Creative Commons Attribution 4.0 International Licence, please see link. Data is supplied 'as is' without any warranty or guarantee except as required by law to be given to you. The data may not be free of error, comprehensive, current or appropriate for your particular purpose. You accept all risk and responsibility for its use. ATTRIBUTION STATEMENT: The dataset [Insert-dataset-name-here] downloaded on [Insert-DD-Mmm-YYYY-here] was collected on voyage [Insert-voyage-name-here] by the Marine National Facility.	1629	cc-by
https://creativecommons.org/licenses/by/4.0	1524	cc-by
Creative Commons Namensnennung 3.0 Oesterreich	1523	cc-by
cc-by-at-30	1523	cc-by
https://www.usa.gov/government-works	1510	us-pd
Open Government Licence - Canada (http://open.canada.ca/en/open-government-licence-canada)	1507	ogl-canada-2.0
Open Data Commons Public Domain Dedication and License (PDDL)	1478	odc-pddl
Creative Commons Attribution 3.0 Australia License	1463	cc-by
http://creativecommons.org/licenses/by/3.0/au/	1463	cc-by
22	1445	unspecified
Creative Commons Attribution 4.0 International (CC BY 4.0)	1376	cc-by
Lizenz: dl-de-by-2.0 - Datenlizenz Deutschland Namensnennung 2.0 - https://www.govdata.de/dl-de/by-2-0 - Quellenvermerk: (c) Stadt Trier (Jahr) / dl-de/by2-0, www.trier.de	1339	dl-de-by-2.0
Lizenz: cc-by-nc-nd-3.0 - Creative Commons: Namensnennung - Keine kommerzielle Nutzung - Keine Bearbeitungen 3.0 Deutschland - http://creativecommons.org/licenses/by-nc-nd/3.0/de/	1327	cc-by-nc-nd
Attribution (CC-BY 4.0)	1318	cc-by
OGL-UK-3.0	1318	uk-ogl
https://www.donneesquebec.ca/fr/licence/#cc-by	1318	cc-by
Creative Commons 4.0 Attribution (CC-BY) licence – Quebec	1311	cc-by
qc-cc-by	1311	cc-by
Der Dienst und die damit verbundenen Datensätze stehen unter einer Creative Commons Namensnennung - Weitergabe unter gleichen Bedingungen 4.0 Lizenz (https://creativecommons.org/licenses/by-sa/4.0/deed.de). Die Namensnennung des Landkreises Nienburg/Weser als Rechteinhaber hat in folgender Weise zu erfolgen: "Datenquelle: Landkreis Nienburg/Weser, www.lk-nienburg.de".	1286	cc-by-sa
https://eidc.ceh.ac.uk/licences/OGL/plain	1278	uk-ogl
Creative Commons Attribution - Share-Alike (CC-BY-SA)	1277	cc-by-sa
OGL-UK-3.0	1258	uk-ogl
Licence Ouverte	1249	etalab
Open Data Commons Attribution Licence	1229	odc-by
Deutschland Datenlizenz Version 2.0 mit Namensnennung (dl-de/by-2-0). Haftungshinweis: Die Stadt Celle führt die Daten mit der erforderlichen Sorgfalt. Für die Richtigkeit, Aktualität, Vollständigkeit und Qualität, sowie Kompatibilität und Interoperabilität mit den Systemen des Nutzers der zur Verfügung gestellten Informationen, Daten und Dienste wird die Haftung ausgeschlossen. Von diesem Haftungsausschluss ausgenommen sind gesetzliche Schadensersatzansprüche für die Verletzung des Lebens, des Körpers und der Gesundheit, sowie die gesetzliche Haftung für sonstige Schäden, soweit diese auf einer vorsätzlichen oder grob fahrlässigen Pflichtverletzung beruhen. Bildschirmdarstellungen und Ausdrucke stellen keine rechtsverbindlichen Auskünfte oder Auszüge dar.	1172	dl-de-by-2.0
Nutzungsbedingungen: Deutschland Datenlizenz Version 2.0 mit Namensnennung (dl-de/by-2-0). Haftungshinweis: Die Stadt Celle führt die Daten mit der erforderlichen Sorgfalt. Für die Richtigkeit, Aktualität, Vollständigkeit und Qualität, sowie Kompatibilität und Interoperabilität mit den Systemen des Nutzers der zur Verfügung gestellten Informationen, Daten und Dienste wird die Haftung ausgeschlossen. Von diesem Haftungsausschluss ausgenommen sind gesetzliche Schadensersatzansprüche für die Verletzung des Lebens, des Körpers und der Gesundheit, sowie die gesetzliche Haftung für sonstige Schäden, soweit diese auf einer vorsätzlichen oder grob fahrlässigen Pflichtverletzung beruhen. Bildschirmdarstellungen und Ausdrucke stellen keine rechtsverbindlichen Auskünfte oder Auszüge dar.	1172	dl-de-by-2.0
cc-by	1145	cc-by
Creative Commons Attribution 2.5 Australia License	1122	cc-by
http://creativecommons.org/licenses/by/2.5/au/	1115	cc-by
Public Domain	1094	public-domain
Nutzungsbedingungen WICHTIGE HINWEISE:  Bei der Veröffentlichung der Bauleitpläne der Verbandsgemeinde Bernkastel-Kues im geoportal.rlp handelt es sich um ein unverbindliches, zusätzliches Informationsangebot (SEKUNDÄRDATEN) der Verbandsgemeindeverwaltung Bernkastel-Kues.  Für die Richtigkeit, Aktualität und Vollständigkeit der Inhalte wird von der Verbandsgemeinde Bernkastel-Kues keine Haftung oder Gewährleistung übernommen. Die Verbandsgemeinde haftet nicht für Schäden oder Verluste, welche durch die direkte oder indirekte Nutzung entstehen.  Die Datennutzung aus der Onlineanwendung erfolgt auf eigenes Risiko und ausschließlich für nicht kommerzielle Zwecke mit Quellenangabe. Eine Weiterverwendung der Inhalte, Veröffentlichung, Verkauf oder die Erstellung abgeleiteter Planungen bedarf der schriftlichen Einwilligung der Verbandsgemeinde Bernkastel-Kues.  Rechtlich verbindlich sind ausschließlich die originalen Bebauungspläne, die im Gebäude der Verbandsgemeindeverwaltung eingesehen werden können. Es wird daher ausdrücklich empfohlen, vor Entscheidungen und insbesondere vor vermögenswirksamen Dispositionen (z.B. Grundstücksverträge) eine schriftliche Auskunft zu der im jeweiligen Einzelfall beabsichtigten Baumaßnahme bzw. Nutzung (z.B. im Wege einer Bauvoranfrage) einzuholen.  - Lizenz: dl-de-zero-2.0 - Datenlizenz Deutschland – Zero – Version 2.0 - https://www.govdata.de/dl-de/zero-2-0	1088	dl-de-zero-2.0
http://creativecommons.org/publicdomain/zero/1.0	1077	cc-zero
Public Domain	1067	public-domain
Creative Commons Atribución/Reconocimiento 4.0 Licencia Pública Internacional — CC BY 4.0	1063	cc-by
by-sa-40	1063	cc-by-sa
http://creativecommons.org/licenses/by-sa/4.0/	1063	cc-by-sa
Creative Commons Atribuição	1049	cc-by
Data is made available under a Creative Commons Attribution 4.0 International Licence, please see link. Data is supplied 'as is' without any warranty or guarantee except as required by law to be given to you. The data may not be free of error, comprehensive, current or appropriate for your particular purpose. You accept all risk and responsibility for its use. ATTRIBUTION STATEMENT: The dataset [Insert-dataset-name-here] downloaded on [Insert-DD-Mmm-YYYY-here] was provided by CSIRO.	1046	cc-by
https://creativecommons.org/publicdomain/zero/1.0/	1041	cc-zero
https://www.govdata.de/dl-de/by-2-0 	1035	dl-de-by-2.0
Licence Ouverte v2.0	1030	etalab-2.0
Creative Commons Attribution 3.0	1024	cc-by
Die Ansicht der Daten ist kostenlos und unverbindlich. Für ausführliche Informationen wenden Sie sich bitte and die Verbandsgemeinde Südeifel. - Lizenz: dl-de-zero-2.0 - Datenlizenz Deutschland – Zero – Version 2.0 - https://www.govdata.de/dl-de/zero-2-0	1021	dl-de-zero-2.0
https://creativecommons.org/licenses/by/4.0	998	cc-by
Public Domain	994	public-domain
http://creativecommons.org/licenses/by/4.0/legalcode	992	cc-by
Bei der Veröffentlichung der Bauleitpläne im Bereich der Verbandsgemeinde Altenahr im GeoPortal.rlp handelt es sich um ein unverbindliches zusätzliches Informationsangebot der Verbandsgemeindeverwaltung Altenahr. Für dessen Richtigkeit/Genauigkeit, Aktualität und Vollständigkeit wird von der Verbandsgemeinde Altenahr einschließlich ihrer verbandsangehörigen Ortsgemeinden keine Haftung oder Gewährleistung übernommen. Die Verbandsgemeinde Altenahr einschließlich ihrer verbandsangehörigen Ortsgemeinden haften nicht für Schäden oder Verluste, welche durch die direkte oder indirekte Nutzung entstehen. Die Datennutzung aus der Onlineanwendung erfolgt auf eigenes Risiko und ausschließlich für nicht kommerzielle Zwecke. Eine Weiterverwendung der Inhalte, Veröffentlichung, Verkauf oder die Erstellung abgeleiteter Planungen bedarf der schriftlichen Einwilligung der Verbandsgemeinde Altenahr. Rechtlich verbindlich sind ausschließlich die Original-Bebauungspläne, die in den Räumen der Verbandsgemeindeverwaltung Altenahr, Roßberg 3, 53505 Altenahr, eingesehen werden können. Insbesondere treffen die Online-Daten keine rechtsverbindliche Aussage über die Zulässigkeit eventueller Bauvorhaben und Nutzungen. Daher wird ausdrücklich empfohlen, vor Entscheidungen und besonders vor vermögenswirksamen Dispositionen (z.B. Grundstücksverträge) eine schriftliche Auskunft zu der im jeweiligen Einzelfall beabsichtigten Baumaßnahme bzw. Nutzung (z.B. im Wege einer Bauvoranfrage) einzuholen. Für ergänzende Beratung und Erläuterungen der Bauleitpläne stehen die Mitarbeiter/innen der Bauabteilung während der Öffnungszeiten sowie nach telefonischer Terminvereinbarung zur Verfügung. - Lizenz: dl-de-by-2.0 - Datenlizenz Deutschland Namensnennung 2.0 - https://www.govdata.de/dl-de/by-2-0 - Quellenvermerk: Source note required by license, but not given!	981	dl-de-by-2.0
https://www.etalab.gouv.fr/wp-content/uploads/2018/11/open-licence.pdf	959	etalab
Datenlizenz Deutschland - Zero - Version 2.0	941	dl-de-zero-2.0
Für die Nutzung der Daten ist die  Datenlizenz Deutschland - Namensnennung - Version 2.0 anzuwenden. Die Lizenz ist über https://www.govdata.de/dl-de/by-2-0 abrufbar. Der Quellenvermerk gemäß (2)  der Lizenz lautet "Umweltatlas Berlin / [Titel des Datensatzes]".	928	dl-de-by-2.0
Für die Nutzung der Daten ist die  Datenlizenz Deutschland - Namensnennung - Version 2.0 anzuwenden. Die Lizenz ist über https://www.govdata.de/dl-de/by-2-0 abrufbar. Der Quellenvermerk gemäß (2) der Lizenz lautet "Geoportal Berlin / [Titel des Datensatzes]".	925	dl-de-by-2.0
cc-by	918	cc-by
Creative Commons: Namensnennung - 3.0 Deutschland	901	cc-by
cc-by-3.0	901	cc-by
http://creativecommons.org/licenses/by/3.0/de/	901	cc-by
odc-odbl	898	odc-odbl
Creative Commons Namensnennung (CC-BY)	884	cc-by
http://opendatacommons.org/licenses/odbl/summary	881	odc-odbl
Sämtliche Rechte an diesem Dienst liegen bei der Verbandsgemeinde Kirchberg. Die kommerzielle Nutzung ohne vertragliche Grundlage mit der Verbandsgemeinde Kirchberg ist ausdrücklich ausgeschlossen. Rechtlich verbindlich sind ausschließlich die Originalpläne, die in den Räumen der Verbandsgemeinde Kirchberg eingesehen werden können. - Lizenz: cc-nc-3.0 - Creative Commons: Namensnennung - Keine kommerzielle Nutzung 3.0 Deutschland - http://creativecommons.org/licenses/by-nc/3.0/de/	848	cc-by-nc
https://creativecommons.org/licenses/by/3.0/	847	cc-by
Die Bereitstellung der Daten zu den Bebauungsplänen der Verbandsgemeinde Altenkirchen (Westerwald) ist eine unverbindliche Serviceleistung. Sämtliche Rechte an diesem Dienst liegen bei der Verbandsgemeinde Altenkirchen (Westerwald). Die Nutzung der Daten aus der Onlineanwendung erfolgt auf eigenes Risiko und ausschließlich für nicht kommerzielle Zwecke. Die kommerzielle Nutzung ohne vertragliche Grundlage mit der Verbandsgemeinde Altenkirchen (Westerwald) ist ausdrücklich ausgeschlossen. Sofern Sie keine schriftliche Einwilligung der Verbandsgemeinde Altenkirchen (Westerwald) haben, dürfen Sie den Inhalt weder abändern noch abgeleitete Werke daraus erstellen, die Inhalte nicht weiterverbreiten, veröffentlichen, verkaufen oder auf andere Weise für Dritte zugänglich machen. Das Anschauen ("Viewing") in der Online-Anwendung GeoPortal.rlp ist kostenfrei. Die Verbandsgemeinde Altenkirchen (Westerwald) lehnt jegliche Haftung oder Gewährleistung auf die Richtigkeit/Genauigkeit und Vollständigkeit der Daten und Inhalte sowie die dauerhafte Verfügbarkeit der Serviceleistung ab. Die Verbandsgemeinde Altenkirchen (Westerwald) haftet nicht für Schäden, welche durch die direkte oder indirekte Nutzung entstehen. Rechtlich verbindlich sind ausschließlich die Original-Bebauungspläne mit ihren Festsetzungen, die in den Räumen der Verbandsgemeinde Altenkirchen (Westerwald), Fachbereich Infrastruktur, Umwelt und Bauen, Rathausstraße 13, 57610 Altenkirchen, eingesehen werden können. Telefonische Rückfragen zu den Bebauungsplänen können unter den Telefonnummern 02681/85-0 gestellt werden. - Lizenz: dl-de-zero-2.0 - Datenlizenz Deutschland – Zero – Version 2.0 - https://www.govdata.de/dl-de/zero-2-0	845	dl-de-zero-2.0
Creative Commons Attribution 3.0 International Licence	839	cc-by
https://creativecommons.org/licenses/by/3.0/au/	815	cc-by
Die Richtigkeit der Daten wurde geprüft, aber wir müssen aus rechtlichen Gründen darauf hinweisen, dass verbindliche Auskünfte nur direkt bei der Verbandsgemeindeverwaltung Jockgrim erteilt werden. - Lizenz: dl-de-zero-2.0 - Datenlizenz Deutschland – Zero – Version 2.0 - https://www.govdata.de/dl-de/zero-2-0	802	dl-de-zero-2.0
Creative Commons 4.0 Attribution (CC-BY) licence – Quebec (https://www.donneesquebec.ca/fr/licence/)	795	cc-by
Licence ouverte : https://www.etalab.gouv.fr/licence-ouverte-open-licence	792	etalab
Im Rahmen der Umsetzung der eGovernment-Initiative des Landes Rheinland-Pfalz wurde der Aufbau einer Geodateninfrastruktur beschlossen, welche Pläne mit räumlichen Geltungsbereichen (Bebauungspläne, Flächennutzungspläne, Grünordnungspläne) der Öffentlichkeit über eine Internetplattform bereitstellt. Die Datensätze zu den rechtsverbindlichen Bebauungsplänen im Bereich der Gemeinde Grafschaft wurden entsprechend aufbereitet und in das „GeoPortal“ eingepflegt.  Somit sind die Voraussetzungen für einen Zugriff auf die Bebauungsplandaten der Gemeinde Grafschaft über das „GeoPortal“ des Landes geschaffen.  Den Bürgern bieten sich außerdem weitere Verknüpfungsmöglichkeiten mit anderen Daten wie Luftbild, Katasterkarte oder Bodenrichtwerte.  Die Nutzung der Daten wird über folgende Nutzungsbedingungen geregelt.   Nutzungsbedingungen: Bei der Veröffentlichung der Bauleitpläne im Bereich der Gemeinde Grafschaft im GeoPortal.rlp handelt es sich um ein unverbindliches zusätzliches Informationsangebot der Gemeinde Grafschaft. Für dessen Richtigkeit/Genauigkeit, Aktualität und Vollständigkeit wird von der Gemeinde Grafschaft einschließlich ihrer angehörigen Ortsgemeinden keine Haftung oder Gewährleistung übernommen. Die Gemeinde Grafschaft einschließlich ihrer angehörigen Ortsgemeinden haften nicht für Schäden oder Verluste, welche durch die direkte oder indirekte Nutzung entstehen.  Die Datennutzung aus der Onlineanwendung erfolgt auf eigenes Risiko und ausschließlich für nicht kommerzielle Zwecke. Eine Weiterverwendung der Inhalte, Veröffentlichung, Verkauf oder die Erstellung abgeleiteter Planungen bedarf der schriftlichen Einwilligung der Gemeindeverwaltung Grafschaft. Rechtlich verbindlich sind ausschließlich die Original-Bebauungspläne, die in den Räumen der Gemeindeverwaltung Grafschaft, Ahrtalstraße 5, 53501 Grafschaft, eingesehen werden können. Insbesondere treffen die Online-Daten keine rechtsverbindliche Aussage über die Zulässigkeit eventueller Bauvorhaben und Nutzungen.  Daher wird ausdrücklich empfohlen, vor Entscheidungen und besonders vor vermögenswirksamen Dispositionen (z.B. Grundstücksverträge) eine schriftliche Auskunft zu der im jeweiligen Einzelfall beabsichtigten Baumaßnahme bzw. Nutzung (z.B. im Wege einer Bauvoranfrage) einzuholen.  Für ergänzende Beratung und Erläuterungen der Bauleitpläne stehen die Mitarbeiter/innen des Fachbereiches 2 Natürliche Lebensgrundlagen und Bauen während der Öffnungszeiten sowie nach telefonischer Terminvereinbarung zur Verfügung. Die grundsätzliche Nutzung der zur Verfügung stehenden Kartendienste des Geoprotals ist über die „Datenlizenz Deutschland-Namensnennung – 2.0“ geregelt. - Lizenz: dl-de-by-2.0 - Datenlizenz Deutschland Namensnennung 2.0 - https://www.govdata.de/dl-de/by-2-0 - Quellenvermerk: Source note required by license, but not given!	791	dl-de-by-2.0
Sämtliche Rechte an diesem Dienst liegen bei der Verbandsgemeinde Simmern. Die kommerzielle Nutzung ohne vertragliche Grundlage mit der Verbandsgemeinde Simmern ist ausdrücklich ausgeschlossen. Rechtlich verbindlich sind ausschließlich die Originalpläne, die in den Räumen der Verbandsgemeinde Simmern eingesehen werden können. - Lizenz: cc-nc-3.0 - Creative Commons: Namensnennung - Keine kommerzielle Nutzung 3.0 Deutschland - http://creativecommons.org/licenses/by-nc/3.0/de/	771	cc-by-nc
Creative Commons Attribution-NonCommercial 3.0 Australia License	745	cc-by-nc
http://creativecommons.org/licenses/by-nc/3.0/au/	745	cc-by-nc
CC BY 3.0 (Creative Commons - Attribuzione)	724	cc-by
CC BY 3.0 (Creative Commons - Attribuzione)	724	cc-by
Sämtliche Rechte an diesem Dienst liegen bei der Verbandsgemeinde Emmelshausen. Die kommerzielle Nutzung ohne vertragliche Grundlage mit der Verbandsgemeinde Emmelshausen ist ausdrücklich ausgeschlossen. Rechtlich verbindlich sind ausschließlich die Originalpläne, die in den Räumen der Verbandsgemeinde Emmelshausen eingesehen werden können. - Lizenz: cc-nc-3.0 - Creative Commons: Namensnennung - Keine kommerzielle Nutzung 3.0 Deutschland - http://creativecommons.org/licenses/by-nc/3.0/de/	718	cc-by-nc
WICHTIGER HINWEIS: Bei der Veröffentlichung der Bauleitpläne der Ortsgemeinden und der Verbandsgemeinde Vordereifel  im geoportal rlp handelt es sich um ein unverbindliches zusätzliches Informationsangebot der Verbandsgemeinde Vordereifel, für dessen RICHTIGKEIT und AKTUALITÄT von der Verbandsgemeinde Vordereifel KEINE GEWÄHRLEISTUNG übernommen wird. Insbesondere treffen diese Daten keine rechtsverbindliche Aussage über die Zulässigkeit eventueller Bauvorhaben und Nutzungen. Es wird deshalb dringend empfohlen, vor Entscheidungen und besonders vor vermögenswirksamen Dispositionen wie z.B. Grundstücksverträgen eine schriftliche Auskunft zu der im jeweiligen Einzelfall beabsichtigten Baumaßnahme bzw. Nutzung (z.B. durch eine Bauvoranfrage) bei der Verbandsgemeinde Vordereifel  einzuholen. Für ergänzende Beratung und Erläuterungen der Bauleitpläne stehen die Mitarbeiter/innen des Bauamtes der Bauverwaltung der Verbandsgemeinde Vordereifel während der Öffnungszeiten sowie nach telefonischer Terminvereinbarung bereit."  - Lizenz: dl-de-zero-2.0 - Datenlizenz Deutschland – Zero – Version 2.0 - https://www.govdata.de/dl-de/zero-2-0	713	dl-de-by-2.0
Public Domain / No Restrictions	707	public-domain
https://creativecommons.org/publicdomain/zero/1.0/legalcode.lv	694	cc-zero
http://creativecommons.org/licenses/by-sa/3.0/gr/	693	cc-by-sa
Creative Commons Attribution-NonCommercial-ShareAlike 3.0 Australia (CC BY-NC-SA 3.0 AU)	675	cc-by-nc-sa
CC-BY-NC-SA-3.0-AU	675	cc-by-nc-sa
https://creativecommons.org/licenses/by-nc-sa/3.0/au/	675	cc-by-sa-nc
Dieser Datensatz kann gemäß der "Datenlizenz Deutschland Namensnennung nicht-kommerziell 1.0" (https://www.govdata.de/dl-de/by-nc-1-0) genutzt werden.	672	dl-de-by-2.0
Use of these data is covered by the following licence: http://creativecommons.org/licenses/by/4.0/ . When using these data you must cite them correctly using the citation given on the CEDA Data Catalogue record.	651	cc-by
Creative Commons Attribution 3.0 Unported	643	cc-by
Für die Nutzung der Daten ist die  Datenlizenz Deutschland - Namensnennung - Version 2.0 anzuwenden. Die Lizenz ist über https://www.govdata.de/dl-de/by-2-0 abrufbar. Der Quellenvermerk gemäß (2) der Lizenz lautet "Umweltatlas Berlin / [Titel des Datensatzes]".	636	dl-de-by-2.0
http://creativecommons.org/licenses/by-sa/4.0	635	cc-by-sa
https://opendefinition.org/licenses/cc-by/	629	cc-by
http://opendatacommons.org/licenses/pddl/1.0/	621	odc-pddl
The Creative Commons Attribution 4.0 International (CC BY 4.0) license allows others to copy, distribute, display, and create derivative works provided that they credit the original source and any other nominated parties. Details are provided at https://creativecommons.org/licenses/by/4.0/	603	cc-by
https://www.govdata.de/dl-de/zero-2-0	593	dl-de-zero-2.0
http://www.opendefinition.org/licenses/cc-by/	581	cc-by
https://creativecommons.org/licenses/by/4.0	581	cc-by
Licença Aberta para Bases de Dados (ODbL) do Open Data Commons	580	odc-odbl
CC-BY-3.0-AU	576	cc-by
CC-BY-2.1	567	cc-by
https://creativecommons.org/licenses/by/2.1/jp/	567	cc-by
Creative Commons Namensnennung 4.0 International	562	cc-by
Licence Ouverte-LO	558	etalab
https://creativecommons.org/licenses/by/4.0/	556	cc-by
Open Data Commons Open Database License (ODbL)	535	odc-odbl
Creative Commons CC0	527	cc-zero
http://creativecommons.org/publicdomain/zero/1.0/deed	527	cc-zero
https://www.etalab.gouv.fr/licence-ouverte-open-licence	525	etalab
http://creativecommons.org/licenses/by/3.0/deed.de	517	cc-by
Creative Commons Namensnennung (CC BY)	517	cc-by
Sämtliche Rechte an diesem Dienst liegen bei der Verbandsgemeinde Kastellaun. Die kommerzielle Nutzung ohne vertragliche Grundlage mit der Verbandsgemeinde Kastellaun ist ausdrücklich ausgeschlossen. Rechtlich verbindlich sind ausschließlich die Originalpläne, die in den Räumen der Verbandsgemeinde Kastellaun eingesehen werden können. - Lizenz: cc-nc-3.0 - Creative Commons: Namensnennung - Keine kommerzielle Nutzung 3.0 Deutschland - http://creativecommons.org/licenses/by-nc/3.0/de/	516	cc-by-nc
Das Anschauen ("Viewing") in der Online-Anwendung des GeoPortal.rlp ist kostenfrei. Die kommerzielle Nutzung ohne vertragliche Grundlage mit der Verbandsgemeindeverwaltung Vallendar bzw. der plangebenden Ortsgemeinde ist ausdrücklich ausgeschlossen. Eine systematische Nutzung des Produktes, welche darauf ausgerichtet ist, einen Sekundärdatenbestand zu erstellen, ist ausdrücklich untersagt. Die Nutzung der Daten aus der Onlineanwendung heraus für private Zwecke erfolgt auf eigenes Risiko. Rechtlich verbindlich sind ausschließlich die Originalpläne, die in den Räumen der Verbandsgemeindeverwaltung Vallendar eingesehen werden können. Bitte nehmen Sie dazu Kontakt mit Frau Merg, Verbandsgemeindeverwaltung Vallendar auf (Tel: 0261/6503-149 oder E-Mail: marie.merg@vg-vallendar.de). - Lizenz: cc-nc-3.0 - Creative Commons: Namensnennung - Keine kommerzielle Nutzung 3.0 Deutschland - http://creativecommons.org/licenses/by-nc/3.0/de/	514	cc-by-nc
Für dieses Produkt gilt die Standardlizenz CC-BY-4.0	509	cc-by
http://opendatacommons.org/licenses/odbl/1.0/	508	odc-odbl
https://spdx.org/licenses/CC-BY-4.0	494	cc-by
https://spdx.org/licenses/CC-BY-4.0	494	cc-by
Creative Commons Attribution 3.0 Australia (CC BY 3.0 AU)	473	cc-by
CC-BY-3.0	468	cc-by
Licence Ouverte	465	etalab
kostenlos - Lizenz: dl-zero-de/2.0 - Datenlizenz Deutschland - Zero - Version 2.0 - https://www.govdata.de/dl-de/zero-2-0	453	dl-de-zero-2.0
Der Dienst und die damit verbundenen Datensätze stehen unter einer Creative Commons Namensnennung - Weitergabe unter gleichen Bedingungen 4.0 Lizenz (https://creativecommons.org/licenses/by-sa/4.0/deed.de). Die Namensnennung der Gemeinde Bad Pyrmont als Rechteinhaber hat in folgender Weise zu erfolgen: "Datenquelle: Stadt Bad Pyrmont, https://www.badpyrmont.de"	444	cc-by-sa
https://www.opendefinition.org/licenses/cc-by	442	cc-by
Creative Commons Attribution 4.0 International (CC BY 4.0)	440	cc-by
CC-BY-3.0-IGO	434	cc-by
Sämtliche Rechte an diesem Dienst liegen bei der Verbandsgemeinde Rheinböllen. Die kommerzielle Nutzung ohne vertragliche Grundlage mit der Verbandsgemeinde Rheinböllen ist ausdrücklich ausgeschlossen. Rechtlich verbindlich sind ausschließlich die Originalpläne, die in den Räumen der Verbandsgemeinde Rheinböllen eingesehen werden können. - Lizenz: cc-nc-3.0 - Creative Commons: Namensnennung - Keine kommerzielle Nutzung 3.0 Deutschland - http://creativecommons.org/licenses/by-nc/3.0/de/	427	cc-by-nc
Licence ODbL 1.0	426	odc-odbl
Licence Ouverte/Open License Version 2.0	425	etalab-2.0
https://www.etalab.gouv.fr/licence-ouverte-open-licence/	425	etalab-2.0
https://creativecommons.org/licenses/by/4.0/legalcode	424	cc-by
Creative Commons: Namensnennung - Keine  kommerzielle Nutzung - Keine Bearbeitungen 3.0 Deutschland; Sämtliche Rechte an diesem Dienst liegen bei der Gemeinde Morbach. Die kommerzielle Nutzung ohne vertragliche Grundlage mit der Gemeinde Morbach ist ausdrücklich ausgeschlossen. Rechtlich verbindlich sind ausschließlich die Originalpläne, die in den Räumen der Gemeinde Morbach eingesehen werden können. Für die Richtigkeit/Genauigkeit, Aktualität und Vollständigkeit der im GeoPortal RLP veröffentlichten Bauleitpläne übernimmt die Gemeinde Morbach keine Haftung oder Gewährleistung. - Lizenz: cc-by-nc-nd-3.0 - Creative Commons: Namensnennung - Keine kommerzielle Nutzung - Keine Bearbeitungen 3.0 Deutschland - http://creativecommons.org/licenses/by-nc-nd/3.0/de/	422	cc-by
Lizenz: dl-by-de/2.0 - Datenlizenz Deutschland - Namensnennung - Version 2.0 - https://www.govdata.de/dl-de/by-2-0 - Quellenvermerk: Hessisches Ministerium für Wirtschaft, Energie, Verkehr und Wohnen (HMWEVW) | {"id":"dl-by-de/2.0","name":"Datenlizenz Deutschland - Namensnennung - Version 2.0","url":"https://www.govdata.de/dl-de/by-2-0","quelle":"Hessisches Ministerium für Wirtschaft, Energie, Verkehr und Wohnen, HMWEVW"} - Lizenz: dl-by-de/2.0 - Datenlizenz Deutschland - Namensnennung - Version 2.0 - https://www.govdata.de/dl-de/by-2-0 - Quellenvermerk: Hessisches Ministerium für Wirtschaft, Energie, Verkehr und Wohnen (HMWEVW)	421	dl-de-by-2.0
https://creativecommons.org/licenses/by/3.0/	415	cc-by
https://creativecommons.org/licenses/by/3.0/	415	cc-by
Creative Commons Attribution License 3.0	413	cc-by
Das von der Hanse- und Universitätsstadt Rostock hier angebotene Werk unterliegt der gemeinfreien Lizenz Creative Commons 1.0 Universell Public Domain Dedication (CC0 1.0; URL: https://creativecommons.org/publicdomain/zero/1.0/deed.de). Damit ist alles gestattet, ohne um weitere Erlaubnis bitten zu müssen. Es gelten folgende Regelungen zu Gewährleistung und Haftung: https://geo.sv.rostock.de/haftung-fuer-angebotene-inhalte.html	411	cc-zero
cc-zero	403	dl-de-zero-2.0
Datenlizenz Deutschland – Zero – Version 2.0	402	dl-de-zero-2.0
http://creativecommons.org/licenses/by/3.0	400	cc-by
Es gelten die Lizenzbedingungen "Datenlizenz Deutschland - Zero - Version 2.0" (https://www.govdata.de/dl-de/zero-2-0).	399	dl-de-zero-2.0
Licence ouverte v2.0 : https://www.etalab.gouv.fr/wp-content/uploads/2017/04/ETALAB-Licence-Ouverte-v2.0.pdf	398	etalab-2.0
CC-BY-2.5-AR	396	cc-by
CC-BY-2.5-AR	396	cc-by
https://creativecommons.org/licenses/by/3.0/de/	395	cc-by
CC0	393	cc-zero
CC0	393	cc-zero
Creative Commons Attribuzione-Condividi allo stesso modo 4.0 Internazionale (CC BY-SA 4.0)	382	cc-by-sa
Creative Commons Attribuzione-Condividi allo stesso modo 4.0 Internazionale (CC BY-SA 4.0)	382	cc-by-sa
WICHTIGER HINWEIS: Bei der Veröffentlichung der Bauleitpläne der Ortsgemeinden Hördt, Kuhardt, Leimersheim und Rülzheim als SEKUNDÄRDATEN im geoportal.rlp handelt es sich um ein unverbindliches zusätzliches Informationsangebot der Verbandsgemeindeverwaltung Rülzheim, für dessen RICHTIGKEIT und AKTUALITÄT von den Ortsgemeinden und der Verbandsgemeinde KEINE GEWÄHRLEISTUNG übernommen wird. Insbesondere treffen diese Daten keine rechtsverbindliche Aussage über die Zulässigkeit eventueller Bauvorhaben und Nutzungen. Es wird deshalb dringend empfohlen, vor Entscheidungen und besonders vor vermögenswirksamen Dispositionen wie z.B. Grundstücksverträgen eine schriftliche Auskunft zu der im jeweiligen Einzelfall beabsichtigten Baumaßnahme bzw. Nutzung) bei der Verbandsgemeindeverwaltung Rülzheim einzuholen. Für ergänzende Beratung und Erläuterungen der Bauleitpläne stehen die Mitarbeiter/innen der Bauverwaltung während der Öffnungszeiten sowie nach telefonischer Terminvereinbarung zur Verfügung. - Lizenz: cc-by-nc-nd-3.0 - Creative Commons: Namensnennung - Keine kommerzielle Nutzung - Keine Bearbeitungen 3.0 Deutschland - http://creativecommons.org/licenses/by-nc-nd/3.0/de/	382	cc-by-nc-nd
https://www.govdata.de/dl-de/by-2-0	381	dl-de-by-2.0
http://www.etalab.gouv.fr/wp-content/uploads/2017/04/ETALAB-Licence-Ouverte-v2.0.pdf	379	etalab-2.0
CC-BY-3.0: Creative Commons Attribution 3.0 Unported	377	cc-by
Open data (publiek)|https://creativecommons.org/publicdomain/mark/1.0/deed.nl	373	cc-by
Licence Ouverte Etalab, https://www.etalab.gouv.fr/licence-ouverte-open-licence	372	etalab
Creative Commons Namensnennung - Weitergabe unter gleichen Bedingungen (CC-BY-SA)	364	cc-by-sa
Open Government Licence - Vancouver	361	etalab-2.0
Creative commons  CC0 1.0 Universiell	358	cc-zero
cc-by4	354	cc-by
cc-by4	354	cc-by
http://resources.geodata.se/codelist/metadata/anvandningsrestriktioner.xml#CC01.0	353	cc-zero
CC-BY-3.0-IGO	349	cc-by
Limitaciones de acceso: El IEO, así como otros organismos implicados en la toma de datos, posee todos los derechos de la propiedad intelectual sobre la información distribuida. Ver “Licencia de Uso” del IEO en el Documento “Política de Datos del IEO”. Para el resto de condiciones es aplicable la licencia pública __Creative Commons Atribución-NoComercial-CompartirIgual 4.0 Internacional (CC BY-NC-SA 4.0) __ https://creativecommons.org/licenses/by/4.0/	349	cc-by
Condiciones de Uso: El IEO, así como otros organismos implicados en la toma de datos, posee todos los derechos de la propiedad intelectual sobre la información distribuida. Ver “Licencia de Uso” del IEO en el Documento “Política de Datos del IEO”. Para el resto de condiciones es aplicable la licencia pública __Creative Commons Atribución-NoComercial-CompartirIgual 4.0 Internacional (CC BY-NC-SA 4.0) __ https://creativecommons.org/licenses/by/4.0/	347	cc-by
https://creativecommons.org/licenses/by-sa/4.0/	335	cc-by-sa
https://creativecommons.org/licenses/by-sa/4.0/	335	cc-by-sa
https://creativecommons.org/licenses/by-nc-sa/4.0/	330	cc-by-sa-nc
http://open.canada.ca/en/open-government-licence-canada	330	ogl-canada-2.0
Data is for public use under Creative Commons CC-By 4.0	330	cc-by
CC-BY	329	cc-by
cc-by-21-jp	313	cc-by
cc-by-21-jp	313	cc-by
http://dcat-ap.de/def/licenses/dl-zero-de/2.0	312	dl-de-zero-2.0
CC-BY-NC-SA-4.0	311	cc-by-nc-sa
CC-BY 4.0 (Attribution)	310	cc-by
CC BY 4.0: https://creativecommons.org/licenses/by/4.0/	308	cc-by
Sämtliche Rechte an diesem Dienst liegen bei der Verbandsgemeinde Sankt Goar-Oberwesel. Die kommerzielle Nutzung ohne vertragliche Grundlage mit der Verbandsgemeinde Sankt Goar-Oberwesel ist ausdrücklich ausgeschlossen. Rechtlich verbindlich sind ausschließlich die Originalpläne, die in den Räumen der Verbandsgemeinde Sankt Goar-Oberwesel eingesehen werden können. - Lizenz: cc-nc-3.0 - Creative Commons: Namensnennung - Keine kommerzielle Nutzung 3.0 Deutschland - http://creativecommons.org/licenses/by-nc/3.0/de/	308	cc-by-nc
http://dcat-ap.de/def/licenses/dl-zero-de/2.0	307	dl-de-zero-2.0
https://creativecommons.org/licenses/by/3.0/ch/deed.de	306	cc-by
https://creativecommons.org/licenses/by/4.0/deed	304	cc-by
Sämtliche Rechte an diesem Dienst liegen bei der Stadt Boppard. Die kommerzielle Nutzung ohne vertragliche Grundlage mit der Stadt Boppard ist ausdrücklich ausgeschlossen. Rechtlich verbindlich sind ausschließlich die Originalpläne, die in den Räumen der Stadt Boppard eingesehen werden können. - Lizenz: cc-nc-3.0 - Creative Commons: Namensnennung - Keine kommerzielle Nutzung 3.0 Deutschland - http://creativecommons.org/licenses/by-nc/3.0/de/	301	cc-by-nc
Creative Commons Attribuzione 3.0 Unported (CC BY 3.0)	300	cc-by
Creative Commons Attribuzione 3.0 Unported (CC BY 3.0)	300	cc-by
https://opendatacommons.org/licenses/odbl/1.0/	293	odc-odbl
https://creativecommons.org/licenses/by-nc/4.0/	288	cc-by-nc
CC-BY-NC-4.0	285	cc-by-nc
Les données sont fournies sous la Licence Ouverte 2.0 (https://www.etalab.gouv.fr/wp-content/uploads/2018/11/open-licence.pdf).	285	etalab
Bei der Veröffentlichung der Bauleitpläne im Bereich der Verbandsgemeinde Hachenburg im GeoPortal.rlp handelt es sich um ein unverbindliches zusätzliches Informationsangebot der Verbandsgemeinde Hachenburg. Für dessen Richtigkeit/Genauigkeit, Aktualität und Vollständigkeit wird von der Verbandsgemeinde Hachenburg einschließlich ihrer angehörigen Ortsgemeinden und der Stadt Hachenburg keine Haftung oder Gewährleistung übernommen. Die Verbandsgemeinde Hachenburg einschließlich ihrer angehörigen Ortsgemeinden und der Stadt Hachenburg haften nicht für Schäden oder Verluste, welche durch die direkte oder indirekte Nutzung entstehen. Die Datennutzung aus der Onlineanwendung erfolgt auf eigenes Risiko und ausschließlich für nicht kommerzielle Zwecke. Eine Weiterverwendung der Inhalte, Veröffentlichung, Verkauf oder die Erstellung abgeleiteter Planungen bedarf der schriftlichen Einwilligung der Verbandsgemeindeverwaltung Hachenburg. Rechtlich verbindlich sind ausschließlich die Original-Bebauungspläne, die in den Räumen der Verbandsgemeindeverwaltung Hachenburg, Gartenstraße 11, 57627 Hachenburg, eingesehen werden können. Insbesondere treffen die Online-Daten keine rechtsverbindliche Aussage über die Zulässigkeit eventueller Bauvorhaben und Nutzungen. Daher wird ausdrücklich empfohlen, vor Entscheidungen und besonders vor vermögenswirksamen Dispositionen (z.B. Grundstücksverträge) eine schriftliche Auskunft zu der im jeweiligen Einzelfall beabsichtigten Baumaßnahme bzw. Nutzung (z.B. im Wege einer Bauvoranfrage) einzuholen. Für ergänzende Beratung und Erläuterungen der Bauleitpläne stehen die Mitarbeiter/innen des Fachbereiches 4 während der Öffnungszeiten sowie nach telefonischer Terminvereinbarung zur Verfügung.  Nähere Nutzungsbedingungen bzw. Rechtshinweise werden auf der Homepage Geoportal.rlp.de erläutert. - Lizenz: cc-by-nc-nd-3.0 - Creative Commons: Namensnennung - Keine kommerzielle Nutzung - Keine Bearbeitungen 3.0 Deutschland - http://creativecommons.org/licenses/by-nc-nd/3.0/de/	284	cc-by-nc-nd
Licence ouverte (Etalab)	280	etalab
Lizenz: odc-odbl-1.0 - Open Data Commons Open Database License (ODbL) - http://opendatacommons.org/licenses/odbl/1.0/	273	odc-odbl
Der Dienst und die damit verbundenen Datensätze stehen unter einer Creative Commons Namensnennung - Weitergabe unter gleichen Bedingungen 4.0 Lizenz (https://creativecommons.org/licenses/by-sa/4.0/deed.de). Die Namensnennung der Stadt Bad Münder am Deister  als Rechteinhaber hat in folgender Weise zu erfolgen: "Datenquelle: Stadt Bad Münder am Deister, https://www.bad-muender.de"	264	cc-by-sa
Creative Commons Non-Commercial (Cualquiera)	258	cc-by-nc
https://opendefinition.org/licenses/odc-odbl	258	odc-odbl
https://creativecommons.org/licenses/by-nc/4.0	251	cc-by-sa
Der Dienst und die damit verbundenen Datensätze stehen unter einer Creative Commons Namensnennung - Weitergabe unter gleichen Bedingungen 4.0 Lizenz (https://creativecommons.org/licenses/by-sa/4.0/deed.de). Die Namensnennung der Gemeinde Hessisch Oldendorf als Rechteinhaber hat in folgender Weise zu erfolgen: "Datenquelle: Stadt Hessisch Oldendorf, https://www.hessisch-oldendorf.de"	250	cc-by-sa
https://creativecommons.org/licenses/by/4.0/deed.ca	244	cc-by
https://creativecommons.org/licenses/by/4.0/deed.de	243	cc-by
Creative Commons Attribution  (CC BY)	242	cc-by
Licence Etalab : https://www.etalab.gouv.fr/licence-ouverte-open-licence	240	etalab
http://creativecommons.org/licenses/by-sa/3.0/deed.de	233	cc-by-sa
cc-by-nc-sa	231	cc-by-nc-sa
https://www.etalab.gouv.fr/wp-content/uploads/2017/04/ETALAB-Licence-Ouverte-v2.0.pdf	230	etalab-2.0
keine - Lizenz: odc-odbl-1.0 - Open Data Commons Open Database License (ODbL) - http://opendatacommons.org/licenses/odbl/1.0/	225	odc-odbl
iodl	224	iodl-1.0
iodl	224	iodl-1.0
https://creativecommons.org/publicdomain/zero/1.0/deed.nl	222	cc-zero
Creative Commons Attribuzione 2.0 Italia (CC BY 2.0 IT)	220	cc-by
Creative Commons Attribuzione 2.0 Italia (CC BY 2.0 IT)	220	cc-by
CC-BY-NC-SA 4.0	219	cc-by-nc-sa
https://creativecommons.org/licenses/by/4.0/deed.ja	218	cc-by
https://creativecommons.org/publicdomain/zero/1.0/legalcode	210	cc-zero
https://creativecommons.org/licenses/by/4.0/deed.sv	206	cc-by
http://opendatacommons.org/licenses/odbl/1.0/	205	odc-odbl
ODbL	204	odc-odbl
ODbL	203	odc-odbl
Licence Ouverte v1.0	200	etalab
Licence Ouverte : https://www.etalab.gouv.fr/licence-ouverte-open-licence	197	etalab
Creative Commons - Namensnennung 3.0 Deutschland	195	cc-by
CC-BY-NC-SA-4.0	194	cc-by-nc-sa
http://www.opendefinition.org/licenses/cc-by	193	cc-by
ODbL with Database Contents License (DbCL)	192	odc-odbl
Licence Ouverte / Open License Etalab Version 2.0 (avril 2017)	191	etalab-2.0
https://www.opendatacommons.org/licenses/odbl/1.0/	183	odc-odbl
https://www.opendefinition.org/licenses/cc-by-sa	182	cc-by-sa
CC0	180	cc-zero
Creative Commons Attribution-NonCommercial-ShareAlike 4.0	176	cc-by-nc-sa
UN-Habitat’s urban datasets are made available under the Public Domain Dedication and License v1.0 whose full text can be found at: http://www.opendatacommons.org/licenses/pddl/1.0/	166	odc-pddl
UN-Habitat’s urban datasets are made available under the Public Domain Dedication and License v1.0 whose full text can be found at: http://www.opendatacommons.org/licenses/pddl/1.0/	166	odc-pddl
CC-BY 4.0	162	cc-by
רישיון מסד נתונים פתוח עבור מידע פתוח (ODbL)	161	odc-odbl
Creative Commons Attribuzione	159	cc-by
cc-by-risp	154	cc-by
http://opendatacommons.org/licenses/pddl/summary	154	odc-pddl
Creative Commons 1.0 Universal (CC0 1.0) Public Domain Dedication	154	cc-zero
Access Constraints: None. These data are held in the public domain.	153	public-domain
https://creativecommons.org/publicdomain/zero/1.0/	151	cc-zero
CC-BY-NC (4.0)	150	cc-by-nc
https://creativecommons.org/licenses/by-nc/4.0/deed.nl	150	cc-by-nc
https://creativecommons.org/licenses/by-nc/4.0/deed.nl	150	cc-by-nc
Der Datenbestand wird unter der Lizenz CC-BY-3.0-Namensnennung veröffentlicht (vgl. https://creativecommons.org/licenses/by/3.0/de/). Als Urheber ist dabei zu nennen: Amt für Statistik Berlin-Brandenburg	146	cc-by
Licence ODbL 1.0	144	odc-odbl
http://creativecommons.org/licenses/by-nd/3.0/deed.de	144	cc-by-nd
None, these data are considered public domain.	142	public-domain
http://www.opendefinition.org/licenses/cc-by	140	cc-by
http://www.opendefinition.org/licenses/cc-by	140	cc-by
Sämtliche Rechte an diesem Dienst liegen bei der Verbandsgemeinde Eich. Die kommerzielle Nutzung ohne vertragliche Grundlage mit der Verbandsgemeinde Eich ist ausdrücklich ausgeschlossen. Rechtlich verbindlich sind ausschließlich die Originalpläne, die in den Räumen der Verbandsgemeinde Eich eingesehen werden können. - Lizenz: cc-nc-3.0 - Creative Commons: Namensnennung - Keine kommerzielle Nutzung 3.0 Deutschland - http://creativecommons.org/licenses/by-nc/3.0/de/	140	cc-by-nc
Creative Commons CCZero 1.0	138	cc-zero
http://creativecommons.org/licenses/by/4.0/	136	cc-by
CC BY + CC0	131	cc-zero
CC BY + CC0	131	cc-zero
Nutzungsbedingungen: Creative Commons Namensnennung 4.0 International (https://creativecommons.org/licenses/by/4.0/)	131	cc-by
http://creativecommons.org/licenses/by-nc-sa/2.5/au/	129	cc-by-sa-nc
Sämtliche Rechte an diesem Dienst liegen bei der Verbandsgemeinde Eich. Die kommerzielle Nutzung ohne vertragliche Grundlage mit der Verbandsgemeinde Eich ist ausdrücklich ausgeschlossen. Rechtlich verbindlich sind ausschließlich die Originalpläne, die in den Räumen der Verbandsgemeinde Eich eingesehen werden können. - Lizenz: cc-by-3.0 - Creative Commons: Namensnennung 3.0 Deutschland - http://creativecommons.org/licenses/by/3.0/de/	127	cc-by
keine - Lizenz: cc-by-nc-nd-3.0 - Creative Commons: Namensnennung - Keine kommerzielle Nutzung - Keine Bearbeitungen 3.0 Deutschland - http://creativecommons.org/licenses/by-nc-nd/3.0/de/	126	cc-by-nc-nd
Data licence Germany - Zero - Version 2.0	124	dl-de-zero-2.0
CC-BY-NC-ND-4.0	122	cc-by-nc-nd
Creative Commons - Domínio Público	121	cc-by
Creative Commons Attribuzione 2.5 Italia (CC BY 2.5 IT)	121	cc-by
Creative Commons Attribuzione-Condividi allo stesso modo 3.0 Italia (CC BY-SA 3.0 IT)	121	cc-by-sa
Creative Commons Attribuzione 2.5 Italia (CC BY 2.5 IT)	121	cc-by
Creative Commons Attribuzione-Condividi allo stesso modo 3.0 Italia (CC BY-SA 3.0 IT)	121	cc-by-sa
http://dcat-ap.de/def/licenses/dl-zero-de/2.0	120	dl-de-zero-2.0
Creative Commons Attribution Non-Commercial 4.0	118	cc-nc
https://creativecommons.org/licenses/by-nc-nd/4.0/	118	cc-by-nc-nd
CC-BY-4.0: Creative Commons Attribution 4.0 International	118	cc-by
Der Dienst und die damit verbundenen Datensätze stehen unter einer Creative Commons Namensnennung - Weitergabe unter gleichen Bedingungen 4.0 Lizenz (https://creativecommons.org/licenses/by-sa/4.0/deed.de). Die Namensnennung der Gemeinde Emmerthal als Rechteinhaber hat in folgender Weise zu erfolgen: "Datenquelle: Gemeinde Emmerthal, https://www.emmerthal.de"	118	cc-by-sa
https://creativecommons.org/licenses/by/3.0/au/	117	cc-by
Creative Commons CC-BY 4.0	117	cc-by
Licence ouverte : https://www.etalab.gouv.fr/licence-ouverte-open-licence	115	etalab
Licence Ouverte 2.0	114	etalab-2.0
Der Dienst und die damit verbundenen Datensätze stehen unter einer Creative Commons Namensnennung - Weitergabe unter gleichen Bedingungen 4.0 Lizenz (https://creativecommons.org/licenses/by-sa/4.0/deed.de). Die Namensnennung der Gemeinde Salzhemmendorf als Rechteinhaber hat in folgender Weise zu erfolgen: "Datenquelle: Flecken Salzhemmendorf, https://www.salzhemmendorf.de"	113	cc-by-sa
Use constraints: Data can be used freely given that the source is cited (following creative commons license CC-BY). The source should be cited as: “HELCOM HOLAS 3 Dataset (2023)"	113	cc-by
Creative Commons CC-BY 4.0	112	cc-by
Open Data Commons (ODbL)	112	odc-odbl
ODbL-1.0	112	odc-odbl
Creative Commons CC-BY 4.0	112	cc-by
http://opendatacommons.org/licenses/odbl/summary/	112	odc-odbl
http://creativecommons.org/licenses/by/4.0/	110	cc-by
http://creativecommons.org/licenses/by/4.0/	110	cc-by
Datenlizenz Deutschland Zero 2.0	110	dl-de-zero-2.0
http://creativecommons.org/publicdomain/zero/1.0/deed.it	109	cc-zero
This material is released under the Creative Commons Attribution 3.0 Australia Licence.	109	cc-by
Creative Commons Attribution 4.0 International	107	cc-by
https://creativecommons.org/licenses/by/3.0/ch/deed.en	106	cc-by
Licens för användning CC-BY 4.0 https://creativecommons.org/licenses/by/4.0/	106	cc-by
https://resources.geodata.se/codelist/metadata/anvandningsrestriktioner.xml#CC01.0	104	cc-zero
Beschränkungen des öffentlichen Zugangs Bei der Veröffentlichung der Bauleitpläne im Bereich der Verbandsgemeinde Hachenburg im GeoPortal.rlp handelt es sich um ein unverbindliches zusätzliches Informationsangebot der Verbandsgemeinde Hachenburg. Für dessen Richtigkeit/Genauigkeit, Aktualität und Vollständigkeit wird von der Verbandsgemeinde Hachenburg einschließlich ihrer angehörigen Ortsgemeinden und der Stadt Hachenburg keine Haftung oder Gewährleistung übernommen. Die Verbandsgemeinde Hachenburg einschließlich ihrer angehörigen Ortsgemeinden und der Stadt Hachenburg haften nicht für Schäden oder Verluste, welche durch die direkte oder indirekte Nutzung entstehen. Die Datennutzung aus der Onlineanwendung erfolgt auf eigenes Risiko und ausschließlich für nicht kommerzielle Zwecke. Eine Weiterverwendung der Inhalte, Veröffentlichung, Verkauf oder die Erstellung abgeleiteter Planungen bedarf der schriftlichen Einwilligung der Verbandsgemeindeverwaltung Hachenburg. Rechtlich verbindlich sind ausschließlich die Original-Bebauungspläne, die in den Räumen der Verbandsgemeindeverwaltung Hachenburg, Gartenstraße 11, 57627 Hachenburg, eingesehen werden können. Insbesondere treffen die Online-Daten keine rechtsverbindliche Aussage über die Zulässigkeit eventueller Bauvorhaben und Nutzungen. Daher wird ausdrücklich empfohlen, vor Entscheidungen und besonders vor vermögenswirksamen Dispositionen (z.B. Grundstücksverträge) eine schriftliche Auskunft zu der im jeweiligen Einzelfall beabsichtigten Baumaßnahme bzw. Nutzung (z.B. im Wege einer Bauvoranfrage) einzuholen. Für ergänzende Beratung und Erläuterungen der Bauleitpläne stehen die Mitarbeiter/innen des Fachbereiches 4 während der Öffnungszeiten sowie nach telefonischer Terminvereinbarung zur Verfügung. Nähere Nutzungsbedingungen bzw. Rechtshinweise werden auf der Homepage Geoportal.rlp.de erläutert. - Lizenz: cc-by-nc-nd-3.0 - Creative Commons: Namensnennung - Keine kommerzielle Nutzung - Keine Bearbeitungen 3.0 Deutschland - http://creativecommons.org/licenses/by-nc-nd/3.0/de/	101	cc-by-nc-nd
cc-by/4.0	99	cc-by
Nutzungsbedingungen: Datenlizenz Deutschland - Zero - Version 2.0	98	dl-de-zero-2.0
Full licenstext: https://creativecommons.org/publicdomain/zero/1.0/legalcode.sv	96	cc-zero
https://www.etalab.gouv.fr/licence-ouverte-open-licence	95	etalab
https://creativecommons.org/publicdomain/zero/1.0/deed.sv	93	cc-zero
Creative Commons Attributions	92	cc-by
Creative Commons Attributions	92	cc-by
CC0 - Universal open license	91	cc-zero
Creative Commons - CC0	89	cc-zero
Licence Ouverte 2.0 (Etalab)	89	etalab-2.0
IODL-2.0	86	iodl-2.0
Creative Commons Attribution 3.0 IGO	85	cc-by
<span style='color: rgb(51, 51, 51); font-family: '>Creative Commons 3.0 (NZ)</span>	85	cc-by
CC-BY_4.0	84	cc-by
CC-BY_4.0	84	cc-by
Open Data Commons Open Database Licence (ODbL)	83	odc-odbl
http://vvlibri.org/fr/licence/odbl-10/legalcode/unofficial	83	odc-odbl
Licence ODbL Version Française	83	odc-odbl
Creative Commons Attribution Share Alike 4.0 International	82	cc-by-sa
Open Licence Etalab 2.0	82	etalab-2.0
Creative Commons Attribution 4.0 International, http://creativecommons.org/licenses/by/4.0/, (c) Crown in right of the state of South Australia, DEWNR	81	cc-by
Creative Commons Attribution	81	cc-by
Creative Commons Attribution 4.0 International, http://creativecommons.org/licenses/by/4.0/, (c) Crown in right of the state of South Australia, DEWNR	81	cc-by
Creative Commons Namensnennung - 4.0 International (CC-BY 4.0)	79	cc-by
https://ext-geodatakatalog-forv.lansstyrelsen.se/GeodataKatalogen/codelist/metadata/anvandningsrestriktioner.xml#CC01.0	77	cc-zero
EPA Public Domain License	74	public-domain
Licence Ouverte 2.0 https://www.etalab.gouv.fr/licence-ouverte-open-licence	72	etalab-2.0
CC-BY-4.0 International Attribution	68	cc-by
ODbL	67	odc-odbl
Italian Open Data License v2.0	66	iodl-2.0
Public domain	63	public-domain
Donnée ouverte sous licence Etalab : http://www.etalab.gouv.fr/pages/licence-ouverte-open-licence-5899923.html	63	etalab
Open Data Commons Open Database License 1.0 (ODbL)	60	odc-odbl
Licence Ouverte 1.0 https://www.etalab.gouv.fr/wp-content/uploads/2014/05/Licence_Ouverte.pdf	60	etalab
A reprodução e cópia para usos não comerciais é autorizada nos termos de licença Creative Commons – Atribuição (CC-BY). O uso comercial sem consentimento por escrito da DRAAC é proibido. Sempre que o utilizador publique e/ou divulgue, por meio analógico ou digital, informação geográfica propriedade da Direção Regional do Ambiente e Alterações Climáticas, ainda que parcialmente adaptada, deverá atribuir créditos com inclusão de texto “Informação geográfica cedida pela Direção Regional do Ambiente e Alterações Climáticas” ou “© DRAAC” ou “Fonte: DRAAC”. Termos da licença Creative Commons: [https://creativecommons.org/licenses/by/3.0/ ]	57	cc-by
http://www.dati.gov.it/iodl/2.0/	56	iodl-2.0
ODC Open Database License (ODbL) version 1.0 https://spdx.org/licenses/ODbL-1.0.html	56	odc-odbl
CC-BY 4.0: https://creativecommons.org/licenses/by/4.0/	56	cc-by
Open Database License-ODBL	55	odc-odbl
Licence Etalab v2 (cf. https://www.etalab.gouv.fr/wp-content/uploads/2017/04/ETALAB-Licence-Ouverte-v2.0.pdf)	55	etalab-2.0
CC0 1.0 (Public Domain Dedication, No Copyright)	54	cc-zero
Datenlizenz Deutschland -Zero -Version 2.0	53	dl-de-zero-2.0
Creative Commons CC-BY	52	cc-by
CC-BY-NC-3.0	52	cc-by
government-open-license-canada	51	ogl-canada-2.0
government-open-license-canada	51	ogl-canada-2.0
クリエイティブ・コモンズ CC0	50	cc-zero
Open Database License (ODbL)	50	odc-odbl
Open Database License (ODbL)	50	odc-odbl
CC-BY-NC-4.0	48	cc-by
https://www.etalab.gouv.fr/licence-ouverte-open-licence/	47	etalab
Les données sont fournies sous la Licence Ouverte 2.0 (https://www.etalab.gouv.fr/wp-content/uploads/2018/11/open-licence.pdf).	47	etalab-2.0
Données sous licence Etalab v2 (cf. https://www.etalab.gouv.fr/wp-content/uploads/2017/04/ETALAB-Licence-Ouverte-v2.0.pdf)	47	etalab-2.0
CC-BY-ND-NZ-3.0	45	cc-by-nd
https://opendefinition.org/licenses/cc-by-sa/	44	cc-by-sa
This work is licensed under a Creative Commons Attribution 4.0 International License (CC-BY)	44	cc-by
Available under the Creative Commons Attribution (CC-BY) License v4.0	44	cc-by
ODbL-1.0	43	odc-odbl
Données ouvertes sous licence Etalab : http://www.etalab.gouv.fr/pages/licence-ouverte-open-licence-5899923.html	43	etalab
Open Database License (ODbl) v1.0	42	odc-odbl
CC-BY-SA (4.0)	41	cc-by-sa
Creative Commons Attribution Non Commercial (CC-BY-NC) 4.0 License	41	cc-by-nc
Creative Commons Attribution Non Commercial (CC-BY-NC) 4.0 License	41	cc-by-nc
CC-BY-NC	41	cc-by-nc
Creative Commons Attribution Share-Alike (CC-BY-SA)	40	cc-by-nc
Licence ETALAB	40	etalab
Die Nutzung ohne vertragliche Vereinbarung mit der Stadt Lauterbach ist nur für nicht kommerzielle Zwecke erlaubt. Die Daten dienen der Orientierung. Für rechtsverbindliche Auskünfte wenden Sie sich bitte an die Stadt Lauterbach. Es besteht kein Anspruch auf Vollständigkeit. - Lizenz: cc-by - Creative Commons: Namensnennung 3.0 Deutschland - https://creativecommons.org/licenses/by/3.0/de/ - Quellenvermerk: Source note required by license, but not given!	40	cc-by
cc-by-sa-3	39	cc-by-sa
Licensed under CC-BY 4.0 - please use attribution statement included within the "Credit" element.	39	cc-by
CC-BY-ND-4.0	37	cc-by-nd
Licence ouvert V2.0 Etalab	36	etalab-2.0
CC-BY-NC-ND-4.0	35	cc-by-nc-nd
CC0 1.0 Universal	35	cc-zero
Grundlage der Denkmalliste ist: Denkmaltopographie Bundesrepublik Deutschland, Kulturdenkmäler in Rheinland-Pfalz, Kreis Mainz-Bingen. Band 18.1 Stadt Bingen, Stadt Ingelheim, Gemeinde Budenheim, Verbandsgemeinden Gau-Algesheim, Heidesheim, Rhein-Nahe, Sprendlingen-Gensingen (2007); Band 18.2 Verbandsgemeinden Bodenheim; Guntersblum und Nieder-Olm (2011); Band 18.3 Verbandsgemeinde Nierstein-Oppenheim (2011); bearbeitet von Dieter Krienke; Wernersche Verlagsgesellschaft Worms. Wir danken Herrn R. Reith für die Erlaubnis, die von ihm für die Denkmaltopographie angefertigten Bilder verwenden zu dürfen. Bei Interesse an diesen Fotos bitten wir, Kontakt direkt mit Herrn Reith aufzunehmen: rainer.reith@t-online.de.  Die der Fachbehörde bekannten, verborgenen archäologischen Denkmäler sind wegen ihrer Gefährdung nicht dargestellt. Der Schutz der unbeweglichen Kulturdenkmäler entsteht bereits durch das Vorliegen der gesetzlichen Voraussetzungen des § 3 Denkmalschutzgesetz (DSchG) und ist nicht von der Eintragung in die Denkmalliste abhängig, d.h. auch Objekte, die nicht in der Denkmalliste verzeichnet sind, können Denkmäler sein. Sowohl die Denkmalliste als auch die Karte erheben keinen Anspruch auf Vollständigkeit. Hinweise, Korrekturen etc. erbitten wir an landesdenkmalpflege@gdke.rlp.de, Fragen zur technischen Umsetzung an gis@gdke.rlp.de. - Lizenz: cc-by-3.0 - Creative Commons: Namensnennung 3.0 Deutschland - http://creativecommons.org/licenses/by/3.0/de/	34	cc-by
cc-by-nc-nd	33	cc-by-nc-nd
Licence Ouverte V2 (Etalab)	32	etalab-2.0
Licence Ouverte V2.0 (Etalab)	31	etalab-2.0
Creative Commons Namensnennung - Weitergabe unter gleichen Bedingungen 4.0 International (CC-BY-SA 4.0)	30	cc-by-sa
Creative Commons CC-BY ND 4.0	29	cc-by-nd
Licence ouverte / Open Licence: https://www.etalab.gouv.fr/licence-ouverte-open-licence	29	etalab
Der Datenbestand wird unter der Lizenz CC-BY-3.0-Namensnennung veröffentlicht (vgl. https://creativecommons.org/licenses/by/3.0/de/). Als Urheber ist dabei zu nennen: Amt für Statistik Berlin-Brandenburg 2023	29	cc-by
Creative Commons Zero - No Rights Reserved (CC0 1.0)	28	cc-zero
cc-by-nc-nd-4.0	28	cc-by-nc-nd
CC0 1.0	28	cc-zero
Etalab-2.0	28	etalab-2.0
http://dcat-ap.de/def/licenses/cc-by/4.0	28	cc-by
http://www.data.rennes-metropole.fr/notre-demarche/licence-odbl-ville-de-rennes-et-rennes-metropole/	28	odc-odbl
Public Domain (CC0 1.0)	27	cc-zero
CC-BY-SA-3.0-IGO	27	cc-by-sa
Public Domain (CC0 1.0)	27	cc-zero
cc-by-3.0	27	cc-by
Creative Commons Attribution Share-Alike http://www.opendefinition.org/licenses/cc-by-sa	26	cc-by-sa
CC-BY-SA-3.0	25	cc-by-sa
odc-odbl-1.0	25	odc-odbl
http://opendatacommons.org/licenses/odbl/1.0/	25	odc-odbl
http://resources.geodata.se/kodlistor/metadata/anvandningsrestriktioner.xml#CC01.0	25	cc-zero
Open Data Commons Open Database License (ODbL) 1.0	24	odc-odbl
CC-BY 3.0 NZ (Attribution)	24	cc-by
ODBL-1	24	odc-odbl
CC-BY-3.0-NZ	24	cc-by
https://opendatacommons.org/licenses/odbl/	24	odc-odbl
CC-by 4.0	24	cc-by
Base de données soumise aux conditions de la licence ouverte Etalab.	24	etalab
ترخيص قاعدة البيانات المفتوح التابع لمشاع البيانات المفتوحة (ODbL)	23	odc-odbl
« Licence Ouverte / Open Licence » Version 2.0 (avril 2017) , définie par la mission Etalab placée sous l'autorité du Premier ministre. Utilisation libre sous réserve de mentionner la source (« Source : © EMR - Ministère en charge de l’environnement ») et la date de sa dernière mise à jour.	23	etalab-2.0
CC-BY-4.0 - Creative Commons Attribution 4.0	22	cc-by
dl-de/by-2-0_ODbL-1.0	22	odc-odbl
Licence ODBL	22	odc-odbl
<p style='margin-bottom: 0.0001pt; text-align: justify; line-height: normal;'><font face='Arial' size='2'><b>Jeu de données sous </b><a href='http://ddata.over-blog.com/xxxyyy/4/37/99/26/licence/Licence-Ouverte-Open-Licence.pdf' target='_blank'><span style='color: blue;'>licence ouverte Etalab</span></a>. </font></p><p style='margin-bottom: 0.0001pt; text-align: justify; line-height: normal;'><i><span style='color: dimgray;'><font face='Arial' size='2'>Les différentes utilisations des données devront tenir compte des caractéristiques et des limites indiquées dans les métadonnées (les fiches descriptives de la donnée) qui leur sont associées. Les utilisateurs sont mis particulièrement en garde contre toute interprétation, utilisation ou présentation des données à une échelle plus grande que celle indiquée dans les métadonnées. Les informations mises à disposition ne sont pas fournies en vue d'une utilisation particulière, et aucune garantie quant à leur aptitude à un usage particulier n'est apportée par le service fournisseur. L'utilisateur apprécie notamment : l'opportunité d'utiliser les données, la compatibilité des fichiers avec ses systèmes informatiques, l'adéquation des données à ses besoins, s'il dispose de la compétence suffisante pour utiliser les informations mises à disposition.</font></span></i></p>	22	etalab
CC-BY-SA-3.0-IGO	21	cc-by-sa
Creative Commons CCZero (CC0)	20	cc-zero
IODL-2.0	20	iodl-2.0
cc-by-nc	20	cc-by-nc
Creative Commons CCZero (CC0)	20	cc-zero
Pas de restriction d’accès public selon INSPIRE - Licence ODbL - Mentions: "Source ATMO Auvergne - Rhône-Alpes "	20	odc-odbl
cc-by-nd-3.0	19	cc-by-nd
Open Data Commons Open Database License (ODbL)	19	odc-odbl
CC-BY-NC-3.0-AU	17	cc-by-nc
https://spdx.org/licenses/ODbL-1.0.html#licenseText	17	odc-odbl
CC-BY	17	cc-by
CC-BY-4.0	17	cc-by
Andmete kasutamisel kehtib litsents CC-BY 4.0 (https://creativecommons.org/licenses/by/4.0/). Palume viidata: „EELIS (Eesti looduse infosüsteem), Keskkonnaagentuur“.	17	cc-by
odc-odbl	16	odc-odbl
cc-by/4.0	16	cc-by
Odbl	16	odc-odbl
Datengrundlagen: ALKIS, ATKIS - Land NRW/Katasterämter (Datenlizenz Deutschland - Zero - Version 2.0) und © OpenStreetMap - Mitwirkende (License: ODbL)	16	odc-odbl
Creative Commons Attribution - NonCommercial (CC-BY-NC)	15	cc-by-nc
http://www.opendefinition.org/licenses/cc-by	15	cc-by
Creative Commons Attribution License (cc-by)	15	cc-by
Licence Etalab	15	etalab
Licence CC-BY-NC-ND: Les données ne peuvent être ni modifiées ni valorisées commercialement.	15	cc-by-nc-nd
Données sous licence "Open Database License (ODbL)" v1.0 (cf. https://opendatacommons.org/licenses/odbl/1-0/)	15	odc-odbl
CC-BY-NC 4.0	15	cc-by-nc
Use constraints: Data can be used freely given that the source is cited (following creative commons license CC-BY). The source should be cited as: “HELCOM HOLAS 3 Dataset (2023)".	15	cc-by
CC-BY-SA 4.0 (Attribution-ShareAlike)	14	cc-by-sa
cc-by-nc-nd-4.0	14	cc-by-nc-nd
cc-by-3.0-it	14	cc-by
Attribution, pas d’utilisation commerciale (CC-BY-NC 4.0)	14	cc-by-nc
Creative Commons Attribution (CC-BY) 4.0 License	14	cc-by
cc-by-3.0-it	14	cc-by
Creative Commons Attribution (CC-BY) 4.0 License	14	cc-by
https://www.donneesquebec.ca/fr/licence/#CC-BY-NC-4.0	14	cc-by-nc
http://dcat-ap.de/def/licenses/cc-by-nc/4.0	14	cc-by-nc
Licence CC-By-SA	14	cc-by-sa
CC BY-SA 2.0	13	cc-by-sa
CC-BY-ND-4.0	13	cc-by-nd
ODC-ODbL	13	odc-odbl
CC0-1.0 - Creative Commons Universal 1.0	13	cc-zero
CC-BY-SA-4.0 - Creative Commons Attribution Share-Alike 4.0	13	cc-by-sa
ODC-ODbL	13	odc-odbl
cc-by-sa-4	13	cc-by-sa
IODL-1.0	13	iodl-1.0
https://opendatacommons.org/licenses/odbl/1-0/	13	odc-odbl
Licence ODbL	13	odc-odbl
Lizenz: cc-by-nc-nd - Creative Commons: Namensnennung - Keine kommerzielle Nutzung - Keine Bearbeitungen 3.0 Deutschland - https://creativecommons.org/licenses/by-nc-nd/3.0/de/ - Quellenvermerk: Source note required by license, but not given!	13	cc-by-nc-nd
Use constraints: Data can be used freely given that the source is cited (following creative commons license CC-BY). The source should be cited as: “HELCOM HOLAS 3 Dataset (2023).	13	cc-by
CC-BY-NC-SA 4.0 (Attribution-NonCommercial-ShareAlike)	12	cc-by-nc-sa
CC-BY-3.0	12	cc-by
IODL-1.0	12	iodl-1.0
CC0 License	12	cc-zero
Creative Commons Attribution 3.0 Australia, http://creativecommons.org/licenses/by/3.0/au/, (c) State of Queensland (Department of Natural Resources and Mines) 2015	12	cc-by
Open Data Commons Attribution License (ODC-BY)	12	odc-by
CC0 License	12	cc-zero
https://creativecommons.org/licenses/by-nd/4.0/deed.ja	12	cc-by-nd
https://creativecommons.org/licenses/by-nc-sa/4.0	12	cc-by-sa-nc
http://www.dati.gov.it/iodl/2.0/	12	iodl-2.0
https://opendatacommons.org/licenses/odbl/	12	odc-odbl
Licence ODbl	12	odc-odbl
ODbL	12	odc-odbl
Grundlage der Denkmalliste ist:  Denkmaltopographie Bundesrepublik Deutschland, Kulturdenkmäler in Rheinland-Pfalz, Stadt Koblenz Band 3.2 Innenstadt. Bearbeitet von Herbert Dellwing und Reinhard Kallenbach, Worms 2004 Band 3.3 Stadtteile. Bearbeitet von Ulrike Weber mit Einbeziehung der erstmals 1996 separat veröffentlichten Stadtteile „Südliche Vorstadt und Oberwerth“, bearbeitet von Herbert Dellwing (†) und Udo Liessem, Worms 2013. Die der Fachbehörde bekannten, verborgenen archäologischen Denkmäler sind wegen ihrer Gefährdung nicht dargestellt. Der Schutz der unbeweglichen Kulturdenkmäler entsteht bereits durch das Vorliegen der gesetzlichen Voraussetzungen des § 3 Denkmalschutzgesetz (DSchG) und ist nicht von der Eintragung in die Denkmalliste abhängig, d.h. auch Objekte, die nicht in der Denkmalliste verzeichnet sind, können Denkmäler sein. Sowohl die Denkmalliste als auch die Karte erheben keinen Anspruch auf Vollständigkeit. Wir danken Herrn R. Reith für die Erlaubnis, die von ihm für die Denkmaltopographie angefertigten Bilder verwenden zu dürfen. Bei Interesse an diesen Fotos bitten wir, Kontakt direkt mit Herrn Reith aufzunehmen: rainer.reith@t-online.de. Hinweise, Korrekturen etc. erbitten wir an landesdenkmalpflege@gdke.rlp.de, Fragen zur technischen Umsetzung an gis@gdke.rlp.de. - Lizenz: cc-by-3.0 - Creative Commons: Namensnennung 3.0 Deutschland - http://creativecommons.org/licenses/by/3.0/de/	12	cc-by
CC-BY-2.5	11	cc-by
CC-BY-GEO-RER	11	cc-by
CC-BY-2.5	11	cc-by
CC-BY-GEO-RER	11	cc-by
PDDL-1.0	11	odc-pddl
http://www.data.rennes-metropole.fr/notre-demarche/licence-odbl-ville-de-rennes-et-rennes-metropole/	11	odc-odbl
CC-BY 4.0 applies.	11	cc-by
Licence ouverte Etalab	11	etalab
CC-BY-SA 4.0	10	cc-by-sa
cc-by-3	10	cc-by
cc-by-4	10	cc-by
cc-by-sa-4	10	cc-by-sa
CC-BY-NC-SA-3.0	10	cc-by-nc-sa
ODC-PDDL-1.0	10	odc-pddl
cc-by-3	10	cc-by
https://opendatacommons.org/licenses/pddl/	10	odc-pddl
CC-BY-NC-SA	10	cc-by-nc-sa
Open Database License (ODBL) V1.0	10	odc-odbl
CC-BY 4.0 applies	10	cc-by
http://opendefinition.org/licenses/odc-pddl/	10	odc-pddl
Périmètre INSPIRE - Open Data (Etalab V.2.0)	10	etalab-2.0
Licence ouverte (ETALAB)	10	etalab
Licence ouverte (https://www.etalab.gouv.fr/licence-ouverte-open-licence)	10	etalab
Licence ouverte "Etalab" (v2) - cf. document associé	10	etalab-2.0
Licence ouverte "Etalab" (octobre 2011) - cf. document associé	10	etalab
Données sous Licence ouverte / Open licence : http://www.etalab.gouv.fr/pages/licence-ouverte-open-licence-5899923.html	10	etalab
conditions unknown - Lizenz: odc-odbl-1.0 - Open Data Commons Open Database License (ODbL) - http://opendatacommons.org/licenses/odbl/1.0/	10	odc-odbl
<span style='font-family: &quot;Avenir Next W01&quot;, &quot;Avenir Next W00&quot;, &quot;Avenir Next&quot;, Avenir, &quot;Helvetica Neue&quot;, sans-serif; font-size: 16px;'>Les données sont diffusées selon les termes de la licence ouverte Etalab 2.0</span>	9	etalab
<b>Jeu de données sous <a href='http://ddata.over-blog.com/xxxyyy/4/37/99/26/licence/Licence-Ouverte-Open-Licence.pdf' target='_blank'>licence ouverte Etalab</a>.</b><div><i><font color='#696969'><span style='line-height: normal; text-align: justify;'><font size='2'>Les différentes utilisations des données devront tenir compte des caractéristiques et des limites indiquées dans les métadonnées (les fiches descriptives de la donnée) qui leur sont associées. Les utilisateurs sont mis particulièrement en garde contre toute interprétation, utilisation ou présentation des données à une échelle plus grande que celle indiquée dans les métadonnées. Les informations mises à disposition ne sont pas fournies en vue d'une utilisation particulière, et aucune garantie quant à leur aptitude à un usage particulier n'est apportée par le service fournisseur. </font></span><span style='line-height: normal; text-align: justify;'><font size='2'>L'utilisateur apprécie notamment : </font></span><span style='font-size: small; line-height: normal; text-indent: -18pt;'>l'opportunité d'utiliser les données, </span><span style='font-size: small; line-height: normal; text-indent: -18pt;'>la compatibilité des fichiers avec ses systèmes informatiques, </span><span style='font-size: small; line-height: normal; text-indent: -18pt;'>l'adéquation des données à ses besoins, </span><span style='line-height: normal; text-indent: -18pt;'><font size='2'>s'il dispose de la compétence suffisante pour utiliser les informations mises à disposition.</font></span></font></i></div>	8	etalab
IODL2	6	iodl-2.0
IODL2	6	iodl-2.0
<span style='font-family: &quot;Avenir Next W01&quot;, &quot;Avenir Next W00&quot;, &quot;Avenir Next&quot;, Avenir, &quot;Helvetica Neue&quot;, sans-serif; font-size: 16px;'>Ces données sont sous licence ouverte (</span><a href='https://www.etalab.gouv.fr/wp-content/uploads/2017/04/ETALAB-Licence-Ouverte-v2.0.pdf' rel='nofollow ugc' style='color: rgb(0, 121, 193); text-decoration-line: none; font-family: &quot;Avenir Next W01&quot;, &quot;Avenir Next W00&quot;, &quot;Avenir Next&quot;, Avenir, &quot;Helvetica Neue&quot;, sans-serif; font-size: 16px;' target='_blank'>plus d'information sur la licence ouverte</a><span style='font-family: &quot;Avenir Next W01&quot;, &quot;Avenir Next W00&quot;, &quot;Avenir Next&quot;, Avenir, &quot;Helvetica Neue&quot;, sans-serif; font-size: 16px;'>)</span>	6	etalab
iodl1	3	iodl-1.0
Italian Open Data License v2.0 (IODL)	3	iodl-2.0
etalab-open-license	3	etalab
iodl1	3	iodl-1.0
Italian Open Data License v2.0 (IODL)	3	iodl-2.0
etalab-open-license	3	etalab
Licence Ouverte v2.0 (Etalab) ou Open Database License (ODbL) - suivant l'enregistrement (cf. info dans colonne "Licence")	2	etalab-2.0
Licence Ouverte https://www.etalab.gouv.fr/licence-ouverte-open-licence	2	etalab
ETALAB	2	etalab
Etalab	2	etalab
Italian Open Data License v1.0	1	iodl-1.0
https://www.inpi.fr/sites/default/files/licence_donnees_rncs_-_homologuee_par_etalab.pdf	1	etalab
licence etalab-2.0	1	etalab-2.0
Données sous licence ouverte Etalab v2	1	etalab-2.0
https://www.etalab.gouv.fr/wp-content/uploads/2017/04/ETALAB-Licence-Ouverte-v2.0.pdf	1	etalab-2.0
